model,stratum,n_donors,mae
genes,<0.1%,23,0.3177545279938595
genes,0.1 to <1%,34,0.21593923171574708
genes,>=1%,19,0.6050326201613363
metadata_rf,<0.1%,23,0.36548341330342726
metadata_rf,0.1 to <1%,34,0.18500048381758516
metadata_rf,>=1%,19,0.880465339804226
quality_rf,<0.1%,23,0.3073275514590786
quality_rf,0.1 to <1%,34,0.2315835246595558
quality_rf,>=1%,19,0.7821413925754512
random_forest,<0.1%,23,0.26693958653717936
random_forest,0.1 to <1%,34,0.14103468037214761
random_forest,>=1%,19,0.6233733089929653
rf_astro20,<0.1%,23,0.3459238986827699
rf_astro20,0.1 to <1%,34,0.26912151690843394
rf_astro20,>=1%,19,0.8110569802578209
rf_micro20,<0.1%,23,0.264782650838725
rf_micro20,0.1 to <1%,34,0.14002384819668495
rf_micro20,>=1%,19,0.6030411905016786
rf_no_mt,<0.1%,23,0.26879088756809394
rf_no_mt,0.1 to <1%,34,0.137919506271221
rf_no_mt,>=1%,19,0.6154719804864612
