target,model,mae,r2,ccc,spearman
Tau_DFC,additive_kernel,0.3464002971885675,0.4960896594659938,0.6767215632223268,0.5580132148553202
Tau_DFC,astro_kernel,0.3595430692200514,0.4610751564089058,0.6468337642008645,0.5665254044201412
Tau_DFC,genes,0.3440251027007837,0.5571948359177287,0.7311902918559235,0.5544041922989291
Tau_DFC,genes_ridge,0.34468109407468056,0.5410347286538227,0.705217777007579,0.5485440874914559
Tau_DFC,interaction_kernel,0.33799030245868966,0.5004028800615475,0.6733623423129677,0.5556345408976987
Tau_DFC,joint_rbf,0.37395362851150526,0.4196164226391082,0.5493730190986822,0.49953064479380266
Tau_DFC,late_fusion,0.34035326734058274,0.5514025462590424,0.7142379558396899,0.5739530644793803
Tau_DFC,metadata,0.4254452170237549,0.3134764012008499,0.4643335872581038,0.44718159033948507
Tau_DFC,micro_kernel,0.35261045735254576,0.48735992434393044,0.6794774338874384,0.5205559352927774
Tau_DFC,quality,0.3783200073431068,0.4396317988927161,0.6016880735315465,0.5379722032353612
Tau_DFC,random_forest,0.29972213807729586,0.6187105227425675,0.763944919055882,0.44914103440419234
Tau_DFC,svr,0.4083927923134489,0.28553931076482203,0.4402969537755735,0.42313055365686947
Tau_MEC,additive_kernel,0.7200338046016627,-0.024445711098546947,0.25243567571423925,0.3003691045796309
Tau_MEC,astro_kernel,0.7157788608686652,0.008080733865342174,0.2820600939141271,0.3303896103896104
Tau_MEC,genes,0.7682289480187648,-0.09424592264184033,0.033437602492603746,-0.0493232074905122
Tau_MEC,genes_ridge,0.7036615276692834,0.046894290900562775,0.19914760963933223,0.2969605832763727
Tau_MEC,interaction_kernel,0.7255679819131314,-0.015119238003189114,0.25515167215969387,0.2743677375256323
Tau_MEC,joint_rbf,0.7122657182205011,0.04782995398747739,0.20061934234970327,0.2867805878332194
Tau_MEC,late_fusion,0.7508170225207795,-0.07058119664424083,0.14395450469660406,0.13102262123247932
Tau_MEC,metadata,0.6826218987604532,0.1285411620179453,0.2801746406667083,0.40949646844383686
Tau_MEC,micro_kernel,0.7306286580992823,-0.08782762117227227,0.23238395394415426,0.30103440419229893
Tau_MEC,quality,0.705119949212651,0.01286020757803378,0.21876146170983157,0.34889952153110054
Tau_MEC,random_forest,0.7123350107234759,0.031148064318982278,0.20421314013202638,0.26922761449077237
Tau_MEC,svr,0.719241027417672,0.013367780346471644,0.17144469036079946,0.2551834130781499
Tau_panel,additive_kernel,0.3524205593709602,0.46247769909679465,0.6461954893659977,0.6524766461608567
Tau_panel,astro_kernel,0.36271523285106516,0.4292215198185878,0.6223086788781034,0.6343950786056048
Tau_panel,genes,0.3425294110808674,0.5172890814979875,0.6892809821854158,0.6582456140350877
Tau_panel,genes_ridge,0.36524760580963894,0.4346437194084695,0.635630832781341,0.6339758487126909
Tau_panel,interaction_kernel,0.36714886210439474,0.4019798442666435,0.6161827612167518,0.6224652540442014
Tau_panel,joint_rbf,0.3833017459460388,0.3759101621354873,0.5185431640523129,0.5896103896103896
Tau_panel,late_fusion,0.3419014615179597,0.49724273985238804,0.6691305235513756,0.6617179311916154
Tau_panel,metadata,0.3624541496173417,0.4115207446709412,0.573130396019059,0.6066256550467077
Tau_panel,micro_kernel,0.36033668562937793,0.4366408842356468,0.6363729359856377,0.6242333105491
Tau_panel,quality,0.3838365988039755,0.2645243342717743,0.5250933516883117,0.586265664160401
Tau_panel,random_forest,0.34786716159660863,0.48244173383828387,0.6320991719727905,0.6186921850079745
Tau_panel,svr,0.377625464350654,0.39680608777233656,0.5482944339036949,0.5956345408976987
