target,model,baseline,improvement,ci_low,ci_high,signflip_p,improved_seeds,n,holm_p_vs_genes
Tau_DFC,additive_kernel,genes,-0.002375194487783819,-0.040392568555117345,0.03423194798644774,0.9055,1,76,1.0
Tau_DFC,additive_kernel,quality,0.0319197101545393,-0.002286580307858479,0.06516897018502782,0.0667,3,76,
Tau_DFC,astro_kernel,genes,-0.01551796651926774,-0.06417929889319701,0.02830038685701428,0.504,0,76,1.0
Tau_DFC,astro_kernel,quality,0.018776938123055385,-0.021157209030462712,0.05569398876426166,0.3361,3,76,
Tau_DFC,genes_ridge,genes,-0.0006559913738968986,-0.02568652803754268,0.023321010847631093,0.9575,1,76,1.0
Tau_DFC,genes_ridge,quality,0.03363891326842622,-0.007347943847806383,0.07657678085339613,0.13125,3,76,
Tau_DFC,interaction_kernel,genes,0.006034800242094038,-0.0346077521153657,0.04314559659859333,0.76255,3,76,1.0
Tau_DFC,interaction_kernel,quality,0.04032970488441716,0.0044990446224996445,0.07446981787560468,0.02815,3,76,
Tau_DFC,joint_rbf,genes,-0.029928525810721515,-0.07687355485533205,0.015604509517244519,0.2071,0,76,1.0
Tau_DFC,joint_rbf,quality,0.004366378831601608,-0.052667969587126245,0.05619768719673316,0.8778,2,76,
Tau_DFC,late_fusion,genes,0.003671835360200843,-0.012715577869378384,0.021043551205313916,0.66895,2,76,1.0
Tau_DFC,late_fusion,quality,0.03796674000252396,-0.005394771463053753,0.0818508215108958,0.0965,3,76,
Tau_DFC,micro_kernel,genes,-0.008585354651762085,-0.04753767966009656,0.02995297722632416,0.67215,1,76,1.0
Tau_DFC,micro_kernel,quality,0.025709549990561027,-0.008049684001142367,0.06053469327276234,0.15345,3,76,
Tau_DFC,random_forest,genes,0.04430296462348782,-0.013120981973019202,0.0990376308935817,0.1307,3,76,1.0
Tau_DFC,random_forest,quality,0.07859786926581094,0.011074935936164949,0.1447333505520054,0.0238,3,76,
Tau_DFC,svr,genes,-0.06436768961266515,-0.12178571577819607,-0.009016848672502794,0.02985,0,76,0.7761
Tau_DFC,svr,quality,-0.030072784970342013,-0.08680624166230776,0.024111523637137817,0.2986,0,76,
Tau_DFC,interaction_kernel,additive_kernel,0.008409994729877857,-0.0005164891631842419,0.018018689275340536,0.0797,3,76,
Tau_DFC,additive_kernel,astro_kernel,0.013142772031483925,-0.007221465907365683,0.03462700213642939,0.22515,3,76,
Tau_DFC,additive_kernel,micro_kernel,0.006210160163978272,-0.0117277459178979,0.023381348894138333,0.49125,3,76,
Tau_MEC,additive_kernel,genes,0.04819514341710222,-0.02983507451679749,0.12304708068372323,0.22595,3,76,1.0
Tau_MEC,additive_kernel,quality,-0.01491385538901164,-0.059496000303523595,0.029064182367554977,0.5143,1,76,
Tau_MEC,astro_kernel,genes,0.052450087150099564,-0.02531390509067499,0.13307104172889436,0.2075,3,76,1.0
Tau_MEC,astro_kernel,quality,-0.010658911656014286,-0.05789919964476613,0.03637401889338238,0.6652,1,76,
Tau_MEC,genes_ridge,genes,0.06456742034948143,0.01970876388350444,0.11103746351266712,0.00625,3,76,0.16875
Tau_MEC,genes_ridge,quality,0.001458421543367568,-0.042957342361582024,0.050499642667457344,0.95475,1,76,
Tau_MEC,interaction_kernel,genes,0.04266096610563356,-0.02775302794706055,0.11632432018467313,0.25285,3,76,1.0
Tau_MEC,interaction_kernel,quality,-0.020448032700480293,-0.07029794858201695,0.03155393733573412,0.4345,0,76,
Tau_MEC,joint_rbf,genes,0.0559632297982637,0.0008128889272144215,0.11273551542151396,0.0496,3,76,1.0
Tau_MEC,joint_rbf,quality,-0.007145769007850151,-0.0674986331918769,0.06068078929901244,0.8379,1,76,
Tau_MEC,late_fusion,genes,0.017411925497985196,-0.028950360108581877,0.06081994735832312,0.4718,2,76,1.0
Tau_MEC,late_fusion,quality,-0.04569707330812866,-0.0879150252865781,0.00467034330609012,0.0518,0,76,
Tau_MEC,micro_kernel,genes,0.0376002899194825,-0.04634786892739179,0.11914885464697728,0.38395,3,76,1.0
Tau_MEC,micro_kernel,quality,-0.025508708886631364,-0.07562738767170529,0.024027214039967788,0.31135,0,76,
Tau_MEC,random_forest,genes,0.05589393729528892,-0.009911134932913618,0.120962642972304,0.09665,3,76,1.0
Tau_MEC,random_forest,quality,-0.0072150615108249215,-0.07547340219011935,0.06633001814682303,0.84735,1,76,
Tau_MEC,svr,genes,0.0489879206010927,-0.0028989342838009213,0.1037248817290274,0.0717,3,76,1.0
Tau_MEC,svr,quality,-0.014121078205021153,-0.07368872801516693,0.054530241516104964,0.6853,1,76,
Tau_MEC,interaction_kernel,additive_kernel,-0.005534177311468651,-0.02557950021900406,0.015596208725752896,0.6175,1,76,
Tau_MEC,additive_kernel,astro_kernel,-0.004254943732997356,-0.029012169885097618,0.019796108253052586,0.7357,1,76,
Tau_MEC,additive_kernel,micro_kernel,0.010594853497619725,-0.015742828065539578,0.03668338611024503,0.4381,2,76,
Tau_panel,additive_kernel,genes,-0.009891148290092869,-0.04401036977170863,0.02002724332633816,0.5633,0,76,1.0
Tau_panel,additive_kernel,quality,0.03141603943301528,0.0005303299797711299,0.0648079823755494,0.05815,3,76,
Tau_panel,astro_kernel,genes,-0.020185821770197857,-0.05854770455352336,0.014507648247918205,0.2968,0,76,1.0
Tau_panel,astro_kernel,quality,0.021121365952910295,-0.009107976237076754,0.05410623926622575,0.20565,2,76,
Tau_panel,genes_ridge,genes,-0.0227181947287716,-0.04593536206694228,-0.0012760702116516255,0.049,0,76,1.0
Tau_panel,genes_ridge,quality,0.01858899299433655,-0.022846831280475283,0.06837844758967128,0.45625,2,76,
Tau_panel,interaction_kernel,genes,-0.02461945102352736,-0.06016451277650899,0.007627023204735197,0.166,0,76,1.0
Tau_panel,interaction_kernel,quality,0.016687736699580784,-0.01833779423242125,0.05382814567889941,0.38215,2,76,
Tau_panel,joint_rbf,genes,-0.040772334865171386,-0.08323687989094553,-0.0025190512413265057,0.04565,0,76,1.0
Tau_panel,joint_rbf,quality,0.000534852857936756,-0.04959883542424817,0.053979043594958205,0.98475,2,76,
Tau_panel,late_fusion,genes,0.0006279495629076164,-0.014385189771979081,0.0144252878350281,0.93495,2,76,1.0
Tau_panel,late_fusion,quality,0.04193513728601577,0.006676694145191275,0.08319836369750384,0.03155,3,76,
Tau_panel,micro_kernel,genes,-0.017807274548510613,-0.05477414357115572,0.015375370472262458,0.32195,0,76,1.0
Tau_panel,micro_kernel,quality,0.023499913174597542,-0.005249235118283414,0.05457375485864663,0.14205,2,76,
Tau_panel,random_forest,genes,-0.005337750515741219,-0.0457759888751114,0.036994967459101066,0.8035,2,76,1.0
Tau_panel,random_forest,quality,0.035969437207366936,-0.021056253059051334,0.0991534497774546,0.26375,3,76,
Tau_panel,svr,genes,-0.03509605326978671,-0.07554432790837226,0.002710249354610007,0.0846,0,76,1.0
Tau_panel,svr,quality,0.00621113445332144,-0.04193854484967473,0.053167753711417104,0.80075,2,76,
Tau_panel,interaction_kernel,additive_kernel,-0.014728302733434494,-0.024564444491053064,-0.005028159331970717,0.0039,0,76,
Tau_panel,additive_kernel,astro_kernel,0.010294673480104986,-0.005558539311436981,0.02551774976775049,0.1952,3,76,
Tau_panel,additive_kernel,micro_kernel,0.00791612625841774,-0.007653299328208135,0.024056639598746356,0.3352,3,76,
