target,baseline,improvement,ci_low,ci_high,signflip_p,improved_seeds,holm_p,holm_family
Tau_DFC,quality_rf,0.0924233879874052,0.03139462036036849,0.15692724571084699,0.0046,3,0.0276,six quality/metadata contrasts
Tau_DFC,metadata_rf,0.11376439366029649,0.030457099749247585,0.19662040779486,0.01095,3,0.05475,six quality/metadata contrasts
Tau_DFC,rf_astro20,0.12812607073177074,0.067063124772262,0.18900643094004205,0.00015,3,0.0013499999999999999,nine RF component contrasts
Tau_DFC,rf_micro20,-0.006188000873218802,-0.01708269226842719,0.0037216488866324716,0.2662,0,1.0,nine RF component contrasts
Tau_DFC,rf_no_mt,-0.002808700491369039,-0.009247620477063139,0.0032726311089913813,0.39555,1,1.0,nine RF component contrasts
Tau_MEC,quality_rf,-0.03090077918254121,-0.08299392024056788,0.020910679823125528,0.258,1,0.5940000000000001,six quality/metadata contrasts
Tau_MEC,metadata_rf,-0.028725381659986813,-0.09552679877109505,0.036547785675916655,0.42155,0,0.5940000000000001,six quality/metadata contrasts
Tau_MEC,rf_astro20,0.00836065235888314,-0.02162711973081536,0.03793670690233164,0.58995,2,1.0,nine RF component contrasts
Tau_MEC,rf_micro20,-0.02062766828356694,-0.049148578622810586,0.009331941857137777,0.1763,1,1.0,nine RF component contrasts
Tau_MEC,rf_no_mt,-0.0017240286877895105,-0.01007265196833431,0.0071939354528469035,0.69305,1,1.0,nine RF component contrasts
Tau_panel,quality_rf,0.028989581602514292,-0.013802559267866535,0.07392360935422296,0.198,3,0.5940000000000001,six quality/metadata contrasts
Tau_panel,metadata_rf,0.05831981942778324,-0.0029620658694247824,0.12153324445855294,0.06955,3,0.2782,six quality/metadata contrasts
Tau_panel,rf_astro20,0.04651633089882664,0.01571772697499864,0.0775356862117561,0.0048,3,0.0384,nine RF component contrasts
Tau_panel,rf_micro20,0.01161198234864238,-0.008653246361289344,0.03162630927349072,0.26985,3,1.0,nine RF component contrasts
Tau_panel,rf_no_mt,-0.001418028915502162,-0.007585022260431625,0.0049255186746856505,0.6681,2,1.0,nine RF component contrasts
