target,model,seed,n,mae,r2,ccc
Tau_DFC,genes,2026,76,0.34879274670618055,0.5225574273198234,0.6952664869615542
Tau_DFC,genes,2027,76,0.3569003885099653,0.5580152727421543,0.7421046355527406
Tau_DFC,genes,2028,76,0.3263821728862052,0.5910118076912082,0.7561997530534755
Tau_DFC,metadata_rf,2026,76,0.4355152747930065,0.2063520996844017,0.40041478192148966
Tau_DFC,metadata_rf,2027,76,0.41444785255468597,0.2419557409162918,0.3916609728759418
Tau_DFC,metadata_rf,2028,76,0.39049646786508463,0.30692894754981714,0.47986472948188935
Tau_DFC,quality_rf,2026,76,0.3864885385812773,0.3543878351127042,0.5269547160756685
Tau_DFC,quality_rf,2027,76,0.39634372897524633,0.3339545696317614,0.5265093187573493
Tau_DFC,quality_rf,2028,76,0.3936043106375796,0.36898698497968796,0.5621152421992112
Tau_DFC,random_forest,2026,76,0.33611527577882344,0.5353417387742108,0.7088494374977973
Tau_DFC,random_forest,2027,76,0.2707002145986731,0.6845106359680995,0.7996220336244689
Tau_DFC,random_forest,2028,76,0.2923509238543911,0.6362791934853923,0.7833632860453797
Tau_DFC,rf_astro20,2026,76,0.45569609831483476,0.1960025230996535,0.4251071513398081
Tau_DFC,rf_astro20,2027,76,0.414179208290649,0.3419116544289942,0.48583593735927527
Tau_DFC,rf_astro20,2028,76,0.41366931982171595,0.3939941218199373,0.5430694179609282
Tau_DFC,rf_micro20,2026,76,0.32868285859342244,0.5802739273576787,0.733069911232853
Tau_DFC,rf_micro20,2027,76,0.26735037505462983,0.679131586732038,0.7983285213857818
Tau_DFC,rf_micro20,2028,76,0.28456917796417885,0.6422538077637154,0.7852516281295069
Tau_DFC,rf_no_mt,2026,76,0.3334533022462427,0.5504840572448568,0.710062487145074
Tau_DFC,rf_no_mt,2027,76,0.26399114999842205,0.6908008685657665,0.7984013604026025
Tau_DFC,rf_no_mt,2028,76,0.2932958605131157,0.6324474786909267,0.7786591667356665
Tau_MEC,genes,2026,76,0.7712356591977212,-0.09258084225115337,0.048293552186027086
Tau_MEC,genes,2027,76,0.7844984587136735,-0.15536997558667354,0.027823370381499766
Tau_MEC,genes,2028,76,0.7489527261448997,-0.03478695008769406,0.02419588491028439
Tau_MEC,metadata_rf,2026,76,0.6743671217102347,0.14537441670998041,0.3174126437117733
Tau_MEC,metadata_rf,2027,76,0.7089168625890688,0.05363494079179831,0.21901996344167823
Tau_MEC,metadata_rf,2028,76,0.6675449028911637,0.15372100552311918,0.27411201867784313
Tau_MEC,quality_rf,2026,76,0.662544372405142,0.11013876656355304,0.23122108717796586
Tau_MEC,quality_rf,2027,76,0.6798040768959421,0.09155295406640973,0.2556583955107465
Tau_MEC,quality_rf,2028,76,0.70195424532172,0.05832147800657228,0.19277836743482235
Tau_MEC,random_forest,2026,76,0.7133954192559454,0.007029547070382058,0.20136882315734603
Tau_MEC,random_forest,2027,76,0.7267730060170586,0.0022989008407282574,0.1715341722062215
Tau_MEC,random_forest,2028,76,0.6968366068974238,0.08411574504583652,0.2397364250325116
Tau_MEC,rf_astro20,2026,76,0.7081794037077038,0.07307268447647508,0.21900320361139097
Tau_MEC,rf_astro20,2027,76,0.7370550608675417,-0.03187374495749418,0.1632189634610931
Tau_MEC,rf_astro20,2028,76,0.7168525246718316,0.04002869851609181,0.19477159057755025
Tau_MEC,rf_micro20,2026,76,0.7197348173384682,-0.0392818262976784,0.169439855806579
Tau_MEC,rf_micro20,2027,76,0.6687609261313913,0.12940504861262858,0.29212451921127625
Tau_MEC,rf_micro20,2028,76,0.6866262838498673,0.1007053454746265,0.23349201634869923
Tau_MEC,rf_no_mt,2026,76,0.7154845393659235,-0.0034613729119139514,0.19270957399842126
Tau_MEC,rf_no_mt,2027,76,0.7212444490188119,0.011473469554013072,0.17459717914756678
Tau_MEC,rf_no_mt,2028,76,0.6951039577223238,0.0862033750064144,0.22637541847475054
Tau_panel,genes,2026,76,0.3433713016698395,0.4911297357966704,0.6684839505558141
Tau_panel,genes,2027,76,0.3478492510725985,0.5169068569645874,0.696457677558521
Tau_panel,genes,2028,76,0.3363676805001641,0.5438306517327046,0.7029013184419123
Tau_panel,metadata_rf,2026,76,0.40983783207426827,0.3059979476029031,0.4934875806253849
Tau_panel,metadata_rf,2027,76,0.4015916113161781,0.32970678081315297,0.4678560931960195
Tau_panel,metadata_rf,2028,76,0.40713149968272894,0.29603618354730854,0.4545065678782883
Tau_panel,quality_rf,2026,76,0.38170378647319947,0.2905356369549874,0.47008943581785706
Tau_panel,quality_rf,2027,76,0.37121286195220127,0.3756386257232429,0.5215727282360222
Tau_panel,quality_rf,2028,76,0.37765358117196773,0.32528208687262217,0.499868745191677
Tau_panel,random_forest,2026,76,0.3642305444527782,0.4247740832208604,0.5877060246012942
Tau_panel,random_forest,2027,76,0.34600447575315796,0.4976601598384187,0.6342819522273114
Tau_panel,random_forest,2028,76,0.3333664645838896,0.5248909584555727,0.6743095390897659
Tau_panel,rf_astro20,2026,76,0.40707623845991836,0.29467915575123405,0.45923613924832724
Tau_panel,rf_astro20,2027,76,0.390507708862926,0.36722142910935374,0.5012120665141767
Tau_panel,rf_astro20,2028,76,0.3855665301634612,0.4010929719663162,0.5405234004022029
Tau_panel,rf_micro20,2026,76,0.3745213476639799,0.3978387871605079,0.5581289151771144
Tau_panel,rf_micro20,2027,76,0.355688126761057,0.4730916234916941,0.6221291398726779
Tau_panel,rf_micro20,2028,76,0.34822795741071605,0.4599423121543208,0.6272863665584992
Tau_panel,rf_no_mt,2026,76,0.36736312491005824,0.4269413341806164,0.5861022101408004
Tau_panel,rf_no_mt,2027,76,0.33728293461565867,0.5126920044341209,0.6472022349352178
Tau_panel,rf_no_mt,2028,76,0.3347013385176023,0.5206909011319776,0.6687622752905601
