model,seed,excluded_donor,full_r2,without_highest_r2,without_highest_mae,n
genes,2026,H21.33.045,0.5225574273198234,0.46993736995295954,0.34233992426770193,75
genes,2027,H21.33.045,0.5580152727421543,0.4949618978015431,0.3561107026345476,75
genes,2028,H21.33.045,0.5910118076912082,0.5418528665129045,0.3216852888472929,75
metadata_rf,2026,H21.33.045,0.2063520996844017,0.23718644803189015,0.41144790681227295,75
metadata_rf,2027,H21.33.045,0.2419557409162918,0.28192964372456597,0.38974821574136714,75
metadata_rf,2028,H21.33.045,0.30692894754981714,0.3555326981306327,0.36561409932508276,75
quality_rf,2026,H21.33.045,0.3543878351127042,0.3135061136632711,0.37313111712989766,75
quality_rf,2027,H21.33.045,0.3339545696317614,0.29034606431787235,0.3830498457627454,75
quality_rf,2028,H21.33.045,0.36898698497968796,0.31797362942711616,0.3824012012094106,75
random_forest,2026,H21.33.045,0.5353417387742108,0.49034862102510324,0.32810200234864234,75
random_forest,2027,H21.33.045,0.6845106359680995,0.6646423493582778,0.2613452531720441,75
random_forest,2028,H21.33.045,0.6362791934853923,0.6008160257582327,0.2852585295717297,75
rf_astro20,2026,H21.33.045,0.1960025230996535,0.09528149867860736,0.4500576660367864,75
rf_astro20,2027,H21.33.045,0.3419116544289942,0.3119675184631514,0.39927074463931905,75
rf_astro20,2028,H21.33.045,0.3939941218199373,0.33447255183312574,0.40508809958382613,75
rf_micro20,2026,H21.33.045,0.5802739273576787,0.5415582863057065,0.32072752810317934,75
rf_micro20,2027,H21.33.045,0.679131586732038,0.6586007887205794,0.2579128516510417,75
rf_micro20,2028,H21.33.045,0.6422538077637154,0.6148262071394405,0.27563084391920567,75
rf_no_mt,2026,H21.33.045,0.5504840572448568,0.5078326131351425,0.3254045358356272,75
rf_no_mt,2027,H21.33.045,0.6908008685657665,0.6720418659218133,0.2545161676952573,75
rf_no_mt,2028,H21.33.045,0.6324474786909267,0.6004174289441729,0.2851987846612322,75
