held_source,target,model,train_n,test_n,mae,r2,ccc,training_mean_mae
ACT,Tau_panel,metadata_ridge,14,56,0.5202468812656841,-0.3333281165724542,0.39543375177057205,0.6753274262199301
ACT,Tau_panel,quality_rf,14,56,0.5284504490983198,-0.667406871682209,0.20446891380891152,0.6753274262199301
ACT,Tau_panel,genes_en,14,56,0.46443297677196005,-0.24079139411964423,0.27915488581337233,0.6753274262199301
ACT,Tau_panel,genes_rf,14,56,0.5023779202763593,-0.3629841634022437,0.16784884581953485,0.6753274262199301
ACT,Tau_DFC,metadata_ridge,14,56,0.6655174920099213,-1.612760705463506,0.33000165893307337,0.9237557119355827
ACT,Tau_DFC,quality_rf,14,56,0.5576906193287502,-1.6146246703565752,0.316475851806629,0.9237557119355827
ACT,Tau_DFC,genes_en,14,56,0.5471674840574337,-1.0015181126688293,0.46709590128698775,0.9237557119355827
ACT,Tau_DFC,genes_rf,14,56,0.44249570695568224,-0.33706880473604195,0.4179358707339357,0.9237557119355827
ACT,Tau_MEC,metadata_ridge,14,56,0.8058200999397575,-0.2057992716892041,0.05147502294668093,0.8384287007063594
ACT,Tau_MEC,quality_rf,14,56,0.7758761067271139,-0.10828715632027652,0.1178339555286788,0.8384287007063594
ACT,Tau_MEC,genes_en,14,56,0.83062898811416,-0.2860121045278605,0.005755392318012334,0.8384287007063594
ACT,Tau_MEC,genes_rf,14,56,0.829820044889315,-0.3100679044466441,0.011382997780287592,0.8384287007063594
ADRC Clinical Core,Tau_panel,metadata_ridge,56,14,0.633970929371055,-0.28123804280746123,0.27190169298387573,0.7430097358180906
ADRC Clinical Core,Tau_panel,quality_rf,56,14,0.6210600647656694,-0.14120210423122526,0.24758641398769482,0.7430097358180906
ADRC Clinical Core,Tau_panel,genes_en,56,14,0.45590994515615485,0.38032128347917826,0.6632935190061557,0.7430097358180906
ADRC Clinical Core,Tau_panel,genes_rf,56,14,0.5331677904359953,0.20299784248153485,0.45008229134338124,0.7430097358180906
ADRC Clinical Core,Tau_DFC,metadata_ridge,56,14,0.965331499116675,-0.6394699735554044,0.11852984946389587,1.0193236272007002
ADRC Clinical Core,Tau_DFC,quality_rf,56,14,0.7885900627230189,-0.17624824043474074,0.2918103584265217,1.0193236272007002
ADRC Clinical Core,Tau_DFC,genes_en,56,14,0.6449504645880143,0.23918371372570968,0.5375721143659178,1.0193236272007002
ADRC Clinical Core,Tau_DFC,genes_rf,56,14,0.6524782373630046,0.20973839906606895,0.48929892583074547,1.0193236272007002
ADRC Clinical Core,Tau_MEC,metadata_ridge,56,14,0.6793190762304894,-0.2622857581226967,0.25432267993121904,0.7875175671235526
ADRC Clinical Core,Tau_MEC,quality_rf,56,14,0.706419217869852,-0.3540018778916936,0.09481945222769848,0.7875175671235526
ADRC Clinical Core,Tau_MEC,genes_en,56,14,0.6273995380861329,-0.058694146775948086,0.4471524928631116,0.7875175671235526
ADRC Clinical Core,Tau_MEC,genes_rf,56,14,0.6923575651792835,-0.2353904609164481,0.21315250417919562,0.7875175671235526
