target,component,marker_margin,comparison,n_donors,spearman,ci_low,ci_high,permutation_p,asymptotic_p,bootstrap_valid,bh_q
Tau_DFC,all,0.25,EC,12,0.41958041958041964,-0.30657658963345547,0.9218136285751948,0.17635,0.1745190081300594,4000,0.264525
Tau_DFC,all,0.25,SSC,12,0.6293706293706295,-0.04699925749545534,0.9354838709677419,0.0338,0.028319671295760004,4000,0.10139999999999999
Tau_DFC,all,0.25,EC_minus_SSC,12,0.15384615384615385,-0.5234742994670792,0.6967781731293666,0.63375,0.6330906812462617,4000,0.76662
Tau_DFC,all,0.5,EC,12,0.35664335664335667,-0.3742124871531346,0.9074815123293203,0.2568,0.2551377517589572,4000,0.3852
Tau_DFC,all,0.5,SSC,12,0.6363636363636365,-0.06528946548231258,0.9547379454926626,0.0314,0.02609689105270314,4000,0.09419999999999999
Tau_DFC,all,0.5,EC_minus_SSC,12,0.15384615384615385,-0.5073529411764706,0.7269456558201947,0.6386,0.6330906812462617,4000,0.76632
Tau_DFC,no_MT,0.25,EC,12,0.41958041958041964,-0.33351648351648344,0.9354838709677419,0.17565,0.1745190081300594,4000,0.264525
Tau_DFC,no_MT,0.25,SSC,12,0.6293706293706295,-0.04256079027355623,0.9343065693430657,0.03215,0.028319671295760004,4000,0.10139999999999999
Tau_DFC,no_MT,0.25,EC_minus_SSC,12,0.15384615384615385,-0.4928571428571429,0.6785714285714286,0.63885,0.6330906812462617,4000,0.76662
Tau_DFC,no_MT,0.5,EC,12,0.35664335664335667,-0.37857142857142856,0.9071593211752786,0.25475,0.2551377517589572,4000,0.3852
Tau_DFC,no_MT,0.5,SSC,12,0.6363636363636365,-0.02571428571428569,0.9431632310481438,0.0297,0.02609689105270314,4000,0.09419999999999999
Tau_DFC,no_MT,0.5,EC_minus_SSC,12,0.15384615384615385,-0.4964964277302347,0.7517743438422115,0.6341,0.6330906812462617,4000,0.76632
Tau_panel,all,0.25,EC,12,0.5034965034965035,-0.22970916009785267,0.9562123135512537,0.0994,0.09515736659412467,4000,0.1988
Tau_panel,all,0.25,SSC,12,0.7622377622377624,0.2213033049040512,0.950354609929078,0.00555,0.003950448972542647,4000,0.0333
Tau_panel,all,0.25,EC_minus_SSC,12,0.07692307692307693,-0.5699308755760369,0.6299401313000246,0.81885,0.8121826980280591,4000,0.81885
Tau_panel,all,0.5,EC,12,0.43356643356643365,-0.27867236024844716,0.9350296960521719,0.1604,0.15910576941219534,4000,0.3234
Tau_panel,all,0.5,SSC,12,0.7622377622377624,0.22626559924652698,0.9783393501805054,0.00535,0.003950448972542647,4000,0.0342
Tau_panel,all,0.5,EC_minus_SSC,12,0.04195804195804196,-0.6087713011626055,0.6703296703296703,0.9036,0.8969858708195542,4000,0.9036
Tau_panel,no_MT,0.25,EC,12,0.5034965034965035,-0.23357664233576642,0.9571428571428572,0.09355,0.09515736659412467,4000,0.1988
Tau_panel,no_MT,0.25,SSC,12,0.7622377622377624,0.21731366459627333,0.9494584837545126,0.00505,0.003950448972542647,4000,0.0333
Tau_panel,no_MT,0.25,EC_minus_SSC,12,0.07692307692307693,-0.591434331797235,0.6304347826086957,0.817,0.8121826980280591,4000,0.81885
Tau_panel,no_MT,0.5,EC,12,0.43356643356643365,-0.2903225806451613,0.9343065693430657,0.1617,0.15910576941219534,4000,0.3234
Tau_panel,no_MT,0.5,SSC,12,0.7622377622377624,0.2132293215119983,0.9784172661870504,0.0057,0.003950448972542647,4000,0.0342
Tau_panel,no_MT,0.5,EC_minus_SSC,12,0.04195804195804196,-0.6057373832509223,0.6774481566820277,0.9018,0.8969858708195542,4000,0.9036
