file,bytes,sha256
.gitignore,1587,9a1d75a35b7e28267b4b8b1c2908a43eb38ac18ad77858413551d9e83514c42a
docs/analysis_code_inventory.csv,15205,48ea3842c3a699a255043cc08f079b1082deeaa9d3f136d96f33afae6cf68ef4
docs/CITATION.md,707,d52301df9be28cfb881e6c6ad315ea18c157c6d6e9cd5f1093410e35faa1dd0f
docs/CLAIM_BOUNDARIES.md,1746,c575a8f4394370c76a33141b36a2a21e0c1adda96a294270a75ab7661b5da769
docs/DATA_AND_REUSE.md,1368,54ce5c9232a80eabbbb9324f5b1883fafe9a1e4ff72e5de63a44fe7fe9b203aa
docs/data_sources.csv,13303,67c60ff1b989a173514b89fa5ccbb08989a6e3b68cd28e9f86f70a0777c03ca2
docs/file_provenance.csv,42119,3067e5703533623e2a90a2511d47da214140f6f73cfc12dfb70db08916e32a24
docs/INPUT_SCHEMA.md,2172,9fa6d9067d00cf8cc65e076cb7bf348b691ea0c6ddd56317dc4a9ef1b635d785
docs/package_scope.json,339,38870272bbc40ccbb9d40194eed8147f54c41b9e361620f0d00b049a95a45cb7
docs/protected_model_hashes.json,415,b653114ce904674b79f956b211011fa9ccab3e36ec2dbd09da38f6f1a66e803d
docs/validation_report.json,2420,42cc3268bbbfabfeb999086dfa08eebbc4e5d34ab8cd08691e63fd50c797ef75
docs/WORKFLOW.md,6253,b043be87dd291557601139005b0f3376782c014bb3490c8e2bf5336ac00ff40f
docs/中文说明.md,133,6510b7d12bf786ffeedb8b995cb969ab00c0364c1a6d4c936c56261b1c413a25
environment/README.md,835,223a0ce7c5daa3004272b7d88f1352384c16905cf2cf9c6ce45c122747f6c76a
environment/recorded_brain_environment.json,541,1339cb142178867fdbd21bf4b0c24f2c21d23a669a273c7212b6e7cdcc95f031
environment/requirements_optional_legacy.txt,165,e93ce74baa3bc664f07869f4b22499394cd1233c2a7db731cd59f4071fe71b48
environment/requirements_stage26_recorded.txt,342,786e2e3d731bd14ed6406fff0ff5061a610e88a9d54d17f86e1c69ef050c4243
environment/中文说明.md,148,27a8cccae1ee8c486076eacbe104a5025d479429597fbabaf53baf7ed9bae8f2
LICENSE_NOTE.md,876,e77552c4fd8bf9cf7995b60e1681f0642bd4349d408ee4a2155eb2ebe427caf5
README.md,3832,55f04c69c1ddf7a9f6f459be02217c76467926fb9370f668927256cc0dccb7b4
requirements.txt,254,1a716bd79c58bb313e721f0d8cd81ba834a431fce05219cd09dd384b0a4e98dd
results/blood_anchor/clinical_transport.csv,459,d30475823f875c4e1fc0edec83c829f54ab848301d75b8bce623750c0ec67edb
results/blood_anchor/factor_associations.csv,1914,d816851bd6e02d862538669485a2eef43f1780f34fcaa24adaa8887e3ef85ed7
results/blood_anchor/manuscript_numbers.json,969,c9e89715474280933fae66e19061b9d0b01d2f0719dcdb6569a15cdd27fd4b35
results/blood_anchor/official_comparison.csv,538,d08024031a732346f5449a86136be247b985b0ad9e9288b0d1d6b0e4adc891f2
results/blood_anchor/official_performance.csv,1826,15a704e8373832832f91ae51cf37e36316b1b476bd2ebf7976dae68090bdcbc7
results/blood_anchor/triage_comparison.csv,1293,ada80d5d2a1929cbff7512ee98ef474ae11dfb7faddc559cb5ef9c4d3970e6ff
results/blood_anchor/triage_retention.csv,3634,2aba698423b06eb57e5912ec2359a3c9cc0bf05f8d96063a2bd7f33d7bd3bfe7
results/blood_anchor/two_group_uncertainty.csv,475,aac76413a630758cc4a24ab8b66fa374c911d5270cac6a9f60b464968fd06c81
results/blood_anchor/中文说明.md,224,b599082d5fbdcc407342232f691c0c1f82e6e58851c42a485776d9a3f3a93b71
results/blood_transport/external_transport_metrics.csv,2144,6aa6e7236feec6282195eb2d277a49693aaf18555317a0a6d586f5836bf5d132
results/blood_transport/gene_effect_concordance.csv,1241,d70519128814ad86b44b0f9beebeb9f76ad548b1bc5254e28e7a78a7e3574447
results/blood_transport/module_coverage.csv,658,46f35b919af0407a8cb58d6ec1599f5bd7cfa593d96cb8e96543414405bfef60
results/blood_transport/module_effects.csv,3940,9f1dcdfa695cb5c6ec0bbc83406f010b47737ad999537a727304fd1db8db8db8
results/blood_transport/中文说明.md,224,b599082d5fbdcc407342232f691c0c1f82e6e58851c42a485776d9a3f3a93b71
results/figure_audits/all_eight_modules_measured_neutrophil_associations.csv,2121,0861115a3dc3d39bd823d3e8e5cb81cf94c4656ea728480737015a228dbd48d6
results/figure_audits/differential_summary.csv,185,28e31761e0fa09220c69d70bb14a76e3afbf7ed04a1d5cc91a8b22dee3e6ad7e
results/figure_audits/GSE140829_adjusted_gene_differences.csv,2495137,11e0b9db0b96b2f9a57ee32398235a5b920a7f75fc91c3f7aeb5e788f8fbde47
results/figure_audits/GSE63060_adjusted_gene_differences.csv,2743889,387477e1427baef03c0eb8d831ece6d43f3e0f3e83549cee9f2ae567d6930981
results/figure_audits/model_input_gene_set_memberships.csv,86465,7a6df4aa7380f602809f12dd0aacf056e682da745edb265a48a5b6db6b9701bd
results/figure_audits/PCA_explained_variance.csv,221,11f19e09a9c93f7f4864dd8f0bc956a1e2d4b9001ab4ac0aef16bef11f42f477
results/figure_audits/PCA_source_loadings.csv,1348,46eae3c35642cbec3b11c78228233e60f23a2a1401959231fc9047f19fe53809
results/figure_audits/中文说明.md,224,b599082d5fbdcc407342232f691c0c1f82e6e58851c42a485776d9a3f3a93b71
results/multiview_external/benchmark_DFC_burden_strata.csv,892,0d363627d3dadd75e7d30e3ba41b1bc10d55a4b338c16d89f4edac24c3bfc43e
results/multiview_external/benchmark_DFC_highest_burden_deletion.csv,1934,b07019047ab34d5e44f8fa11c866562f5c746cd10bbaa9eb453c39385ca1950b
results/multiview_external/benchmark_followup_comparisons.csv,2048,bcd3a7a0c81b7ad40c48ddeda983610d0feae7501534265dbb25f6b3dcf1c385
results/multiview_external/benchmark_followup_metrics.csv,5470,298ba7f68acfd75e21197aced181da75cbdf1dc9fe398dfac0c900b5b33b1221
results/multiview_external/benchmark_paired_comparisons.csv,6922,41ab720bf72966a1aa73ec45fb5dd2639e199d8e67e683acce1229737106d0e3
results/multiview_external/benchmark_recruitment_metrics.csv,2855,86ad6a9d25d161173d3230d390ad10e2a634dbd9f4be926dca812ed2c3eb4d9b
results/multiview_external/benchmark_summary.csv,3575,504a53c42f3341ffc37483f3fc7264b3f3e9707f0dfe3647ab0baca914560e12
results/multiview_external/external_diagnosis_adjusted_diagnostics.csv,297,fb800a359f81390cbed2688ebef43594d22666a4d0140b08123c07dd205cfc66
results/multiview_external/external_external_associations.csv,3238,ceb905f2e18f9f5b0ed945079a42e81851c95ce30c535dd745695f1e87f70c6c
results/multiview_external/external_within_group_correlations.csv,331,caf3d6b9c334ebcf47f9d1339a343852654e1d57fbf9ac7c3164d12c2eff222d
results/multiview_external/中文说明.md,224,b599082d5fbdcc407342232f691c0c1f82e6e58851c42a485776d9a3f3a93b71
results/source_prediction/background_holdout_performance.csv,1338,2f7a574ea845e920bc40d839972d9d84da68c25a8fe1c956e3d6a1f418fc56e9
results/source_prediction/paired_incremental_performance.csv,323,97e55509e82299e2fdeebe2b521770ac40d278519ba0dd1bbf6abbc2977d3aae
results/source_prediction/prediction_performance.csv,1105,605c7b0372527e4930dc3c49743a599f317230d6eb80ab3abb0d3b5a9f173612
results/source_prediction/within_background_permutation_null.csv,2497,0488bd8c8f3f9a031a314354c51075f1f0a554572bd6c655fc0530819233da7a
results/source_prediction/中文说明.md,224,b599082d5fbdcc407342232f691c0c1f82e6e58851c42a485776d9a3f3a93b71
results/tau_panel/marker_coverage.csv,539,8300b765f04f43536d1f718676f6dcf40671ac386a17962ba20ae0a6b3dd9b73
results/tau_panel/metrics.csv,6431,4d3ef7cbc9321254cbea1cbbb69e703acba754ecd557026f22c6728d13d52d0f
results/tau_panel/paired_bootstrap.csv,2807,72c52a7f4696a0f9f37fa7a3d71619864e5b9a4165b17b6ec7ec7416b0ab7f61
results/tau_panel/permutation_result.json,124,138560410cca721f220b286fb5218c57b10911a7283573f0b1fc4890e1c8a376
results/tau_panel/permutation_summary.csv,12687,f41c6fd1e93526b751cd3bde5ccdca7354352c385f1ee5140751efb3e724828a
results/tau_panel/r2_intervals.csv,705,4f5239b1584ff14e6044792b9605aa3ae7d1f4e744c6f45f20ae02f9e32a468a
results/tau_panel/region_null_metrics.csv,419,78ad3b9adf7ea8bd2cdbf20f623ced3b5f4f1c7878dc6ff30b7324d508c50028
results/tau_panel/tau_specificity_full_adjustment.csv,3603,ec5b2dca002419c16583f55f271d0cc42cac9366ceee7ca87b39bb2c65a39bf2
results/tau_panel/top_selected_DFC_genes.csv,431,e2f6ea748579c54b39a6f732ebd5322fc3f004477e036209bddeef7dfa620c00
results/tau_panel/中文说明.md,224,b599082d5fbdcc407342232f691c0c1f82e6e58851c42a485776d9a3f3a93b71
results/中文说明.md,224,b599082d5fbdcc407342232f691c0c1f82e6e58851c42a485776d9a3f3a93b71
tools/audit_release.py,3065,0b09b7f066e7b6f4059eccb87b7fb0c27f8074aa9d31793f0a4fac120cb2846c
tools/download_inputs.py,1899,81ab9079c0ded2a2c35b0dc0b269cd1855b54323ef5498ef48632931be98d93d
tools/evaluate_saved_predictions.py,3677,5194125c25db3093e4d6fea93a80d03fcd504360bb8d4c03960a2f807f72acfe
tools/predict_frozen_factor.py,3254,de50b593b1b9d50e84b88e4149af16e970068286877a4bd88fe1f1ce401b781e
tools/中文说明.md,193,a24ab18404dd3bf7c8fe9eb200d65d5b2ea7689efca1aefc5aa2d8f4703bb89e
workflow/analysis_stage22/conformal_foldlocal.py,2088,d3b3c5e8c7961e5ba0570986547d5534f977f187b7f8f56176e94258bb3ee3bf
workflow/analysis_stage22/nested_validation.py,3627,3f2b746d93f835c99ae2f73a13b9fb66b08a83c596a475f1b10f3074e3c8688e
workflow/analysis_stage22/run_revision.py,11123,2e69eac428ad349c44503cab386c3f40f4e27aa89fea875489850a5c19b53e76
workflow/analysis_stage22/中文说明.md,255,331574d7baaafcb6207e76372277f0354e50de184b6313d996a305519aaeb1a6
workflow/analysis_stage26/clinical_increment.py,4777,8e3bf5dae97545b23bb9e31d42d5928305d4b25734bca715698ea2e452739bc2
workflow/analysis_stage26/download_external.py,2011,20aa32dbf1c4e5ab5a85181cfb57a093fa7f87cb67f9c09270a1648643afd8b3
workflow/analysis_stage26/effect_reproducibility.py,3921,089b088156bb0c51810c4a0ee19eb6ccbc24e6b4b910330850f3c4cc66fcf5e3
workflow/analysis_stage26/external_transport.py,10938,14accaa4b7070ef3a1988fc9f3749d57db7cabc555c1707b5dcc94acff40200b
workflow/analysis_stage26/inspect_external.py,4437,152fb0e9534217715774757396d60669b05e8e9a0d951b9351364851ae85968b
workflow/analysis_stage26/local_relearn.py,3808,4ccc9c2e9c4d6e9ac5926f75225e3ada5b733938df624a4f49634a00f1adb630
workflow/analysis_stage26/spectrum_endpoint.py,1379,187494acf0b53a9e46372ab68bd155c68cf55ff1aa29f3c51c5593928bc1686f
workflow/analysis_stage26/中文说明.md,255,331574d7baaafcb6207e76372277f0354e50de184b6313d996a305519aaeb1a6
workflow/analysis_stage27/download_gse249477.py,1447,f74eb6fd066cb245808b482228b718fea5cf4d67265c30e48f6a14dfad27c889
workflow/analysis_stage27/eligibility_gse249477.py,4815,8806cf821b58f62bded60a2b0f3e803ca84f4c9b844431fd47fb2e6cac86e43a
workflow/analysis_stage27/random_panel_bias.py,3728,73fbc820fa154f116033deb7bdddc4c81d9235fc0726f9599287b04b640181af
workflow/analysis_stage27/reference_composition_sensitivity.py,4415,656e449427e3fa42a2728b111a6e7a30c29a5554aadc9f6af733cfe9f4b9b2bf
workflow/analysis_stage27/score_gse249477.py,6532,8bc9b25fb2d680c4d6580afce7375cacff99c6f50c960409880d3acbf84718b8
workflow/analysis_stage27/中文说明.md,255,331574d7baaafcb6207e76372277f0354e50de184b6313d996a305519aaeb1a6
workflow/analysis_stage28/external_baseline_benchmark.py,5501,ff44dacff39ee0fd72f7cdbcfb3a77458263bbeb113de246ecdd313b085ed2dd
workflow/analysis_stage28/reference_composition_gse248417.py,2672,9945275a9ef27c369d311e5951bbcb4d4ec2eed96b37361e96bcacbb6ebe23ac
workflow/analysis_stage28/score_gse248417.py,7433,c0835004c07c5f903d41772e7ed8d8b716e385a6498aa6f47e6caa17ebe89940
workflow/analysis_stage28/中文说明.md,255,331574d7baaafcb6207e76372277f0354e50de184b6313d996a305519aaeb1a6
workflow/analysis_stage32_marker_pivot/BRAIN_MARKER_PROTOCOL.md,1578,b73dae9b505157dbf6e0b87904db3b202cbc97547d8328849280b1b146e2aa5e
workflow/analysis_stage32_marker_pivot/parse_brain_resource.py,2908,d809bb99a8722fa029c9a915f66724adc5084f3eba1148d7968b8c7c81b4571a
workflow/analysis_stage32_marker_pivot/parse_sea_ad_markers.py,3750,b717c9e5ae2499b95255ce34c357ec53f718029e3b973ca3ed63bed9dc239ad6
workflow/analysis_stage32_marker_pivot/PILOT_PROTOCOL.md,2930,801c5f050c8271426cd184c54a532c16c38e013066cba3454360dcfb1a66f636
workflow/analysis_stage32_marker_pivot/run_brain_marker_pilot.py,4446,f1c103574a699fb0d97a772e1029bc8779cdee73a8684e16469c88de0d319dd4
workflow/analysis_stage32_marker_pivot/中文说明.md,255,331574d7baaafcb6207e76372277f0354e50de184b6313d996a305519aaeb1a6
workflow/analysis_stage33_seaad_pairing/download_pseudobulk.py,2276,2a05de126ce6f90ff33bb2bf46c8563af9d82c21f41463facf3c3e1e17d49d9d
workflow/analysis_stage33_seaad_pairing/inspect_pseudobulk.py,1655,216508935b34f8e55ee1128ce9451d0670387144971c24c498ad1475a398bb58
workflow/analysis_stage33_seaad_pairing/pair_pseudobulk.py,2712,b384076107199a6d0799a1f6431dbf13ffd6b728e499d0d1419b55018d327a79
workflow/analysis_stage33_seaad_pairing/SEA_AD_BASELINE_PROTOCOL.md,2404,a5401a36f0c998a31b870da44fc909fc8525db0b9992cf696e1e3c96cb667822
workflow/analysis_stage33_seaad_pairing/中文说明.md,255,331574d7baaafcb6207e76372277f0354e50de184b6313d996a305519aaeb1a6
workflow/analysis_stage35_target_specific/PROTOCOL.md,3054,c2d26bc84f46ea8b20d3c94c5095b91f671140ba0d5bd6bddf2b9b5caee3d6c9
workflow/analysis_stage35_target_specific/run_no_mito_sensitivity.py,4075,24742034fec41ec4c7b8fa593b8892ad4eb46545e260b00fd80b6c73830c0236
workflow/analysis_stage35_target_specific/run_target_specific.py,8259,de676a75dcd00026957f6c65f65c7d80b49f21e077d05cda16bfc05d235c5b3c
workflow/analysis_stage35_target_specific/SENSITIVITY_PROTOCOL.md,924,6c9afa5c03c09cd70cf1702328accbdecc075925567be3424074d4008215fd71
workflow/analysis_stage35_target_specific/中文说明.md,255,331574d7baaafcb6207e76372277f0354e50de184b6313d996a305519aaeb1a6
workflow/analysis_stage37_signal_audit/analyze_audit.py,6106,e6914038bff319f565507d773fdb3145387981e7ded259e5b50b13732b279f6a
workflow/analysis_stage37_signal_audit/PROTOCOL.md,1822,2085090242e238fed77c5148602ed8dfa676a267e2b5200f7ffc0ace77727b55
workflow/analysis_stage37_signal_audit/run_quality_audit.py,6726,5604f7e2a185b47ec05af347c8395ad4c634be0f72507d52ab0b5795c1568bd1
workflow/analysis_stage37_signal_audit/verify_replay.py,1182,6b9659aa72997fb5e12afa1840ccfbe5fb5ac3ae229174437bf431026e3bf165
workflow/analysis_stage37_signal_audit/中文说明.md,255,331574d7baaafcb6207e76372277f0354e50de184b6313d996a305519aaeb1a6
workflow/analysis_stage39_tau_panel/freeze_predictors.py,2974,c7d2e41797386778c7f26304c2eaf8cd6d5ce991df7f6ea0900803eda54cc320
workflow/analysis_stage39_tau_panel/NUCLEAR_SENSITIVITY_AMENDMENT.md,636,3ed4e9003339c3c35baf33cccebd9b98a098e9b6a58ded389fd5e1ef9afcf906
workflow/analysis_stage39_tau_panel/PERMUTATION_PRECISION_AMENDMENT.md,560,2b27b1a4ae6ba2b947c67a40b8e145f9190441b2138e6d63bbe7b4dab93a9f68
workflow/analysis_stage39_tau_panel/predict_saved.py,2034,f5611047614e4dde138bbe86626fa2e40d6ff7715348932c20110ed3fc562894
workflow/analysis_stage39_tau_panel/PROTOCOL.md,2492,7a91dbfb83c5bdc2f40d1eb73c2d23f8a0f47da8a43674384123847eb3a483ba
workflow/analysis_stage39_tau_panel/run_nuclear_sensitivity.py,1070,14873fcd51ec56a34052d369adc9d2cc75fb776b65c44126f0d797ae0b04564b
workflow/analysis_stage39_tau_panel/run_panel.py,6303,eb79b46663772a42de11b1c14062a60c3d24c137ba8eed82a0c515a897c75103
workflow/analysis_stage39_tau_panel/run_permutations.py,1158,ca4e716c235c141b78a0561e605dca3bc9a9c78560a567afd3bf8f15a7d95b25
workflow/analysis_stage39_tau_panel/run_region_null.py,2402,588879e1ce364bca57e94b7a693301c9690bd0eaeeaedd6fc6a91f5486551672
workflow/analysis_stage39_tau_panel/summarize_panel.py,5273,248720c86684d1900c26605988863d83c9eae3c4b4ca58ac8461e69fbeed3e1b
workflow/analysis_stage39_tau_panel/中文说明.md,255,331574d7baaafcb6207e76372277f0354e50de184b6313d996a305519aaeb1a6
workflow/analysis_stage40_multiview/PROTOCOL.md,4773,618bc49f3280fc709d964eae5bc48f79132bdfd0ef304eb42f6f8a2460cce821
workflow/analysis_stage40_multiview/QUALITY_RF_AMENDMENT.md,1606,51c68f782c25eb9e68f625e6c85f27b6539b7364943f12fd38c2fe140ea17dff
workflow/analysis_stage40_multiview/replay_benchmark.py,955,9c487aa3345a9dd55b647131de718cf815ac61170f0e6554f77c97819e8a1890
workflow/analysis_stage40_multiview/run_benchmark.py,6519,6b14053e08d8f88a0ba10e5729367049b9e98a78cfaaa410b6034f6429c62b4f
workflow/analysis_stage40_multiview/run_quality_rf.py,1633,820dd650894f30bc1bd4b2b1e7499d09cd0ec81194c8a032581f2fb496e97911
workflow/analysis_stage40_multiview/run_rf_ablation.py,2826,25c21832c1bc016cd2c574a30a554803a20d3b0b59dc0013c13b8ba9ae84032a
workflow/analysis_stage40_multiview/run_transport.py,3028,d3e3198ea90537d3f1d895816851c1b7b67e71ca2a79f611e67a76fb16e2ccae
workflow/analysis_stage40_multiview/summarize.py,3501,e13c6900cda6c29acfb8f609120929c52e2af59bfcd58cb8035b388405005a24
workflow/analysis_stage40_multiview/summarize_followups.py,4468,5a6d32eea7d580e82123eb8758f1da49c2d6731c46a64f11055f6605f8944280
workflow/analysis_stage40_multiview/TRANSPORT_STRESS_PROTOCOL.md,1881,37e788e4dd4f5170b87bd03666714fe3505d5d2a1b6f31546633d94c5bc7c99f
workflow/analysis_stage40_multiview/中文说明.md,255,331574d7baaafcb6207e76372277f0354e50de184b6313d996a305519aaeb1a6
workflow/analysis_stage41_independent_glia/check_group_dependence.py,2413,9cf9bbec7c0f871b04f958ed364752e588c82aab6fb766a9357614f3f2bf994d
workflow/analysis_stage41_independent_glia/prepare_downloads.py,1974,e2abc0448253f38ee71607e4482884b5fd2973199e33a0121973a05502bd54bb
workflow/analysis_stage41_independent_glia/process_counts.py,6565,2551d3c1893d63413e01467248e2d056611064310038a5f88b64fbec5c4ba9d0
workflow/analysis_stage41_independent_glia/PROTOCOL.md,3744,6ded14c5da38dfe86f95c9f5daf7cf1225efde07dc6539b91bc252bad5ee7eb7
workflow/analysis_stage41_independent_glia/summarize_external.py,3813,542697d21525f2c0069c38d43fe0394351fe2178120ed62ad6ef70dfa4a7b690
workflow/analysis_stage41_independent_glia/中文说明.md,255,331574d7baaafcb6207e76372277f0354e50de184b6313d996a305519aaeb1a6
workflow/analysis_stage50_triage_bridge/audit_genetic_and_protein_specificity.py,6325,a31ce353d6e77a41b2ad83f8b420490fb37cabe74c41ec7ad336e9cf938a03f6
workflow/analysis_stage50_triage_bridge/check_protein_batch_transport.py,3588,162e85bd55191daa672ed085f5f460ff50cee1a5c3a2c54a6c85fd692e41c53c
workflow/analysis_stage50_triage_bridge/execution_protocol.json,4697,384db55d4bcd1f2bf94c4b38133fa67fea20dccd061cece27986e2c06716d9cf
workflow/analysis_stage50_triage_bridge/extract_paired_pseudobulk.py,8955,5a285fd70cc857437d144ae77c602c5dc872b8cf5d2c9bd0d8235e18f852cb7c
workflow/analysis_stage50_triage_bridge/http_range_io.py,4496,56b1b4ad1aeae2b7e5b054fdf08b464a55a7a793d9ebf9e6b2b1d7b2693b0807
workflow/analysis_stage50_triage_bridge/inspect_paired_hdf5.py,4863,b4c848aa204ce82e7d12ac78f5ddf87bd5ba89dd0625aa37bd03a5e13a012121
workflow/analysis_stage50_triage_bridge/run_protein_pilot.py,9419,32fd478c410de0ca0348d79d5a652e6a28ed288529d8c0d8e2990111b067ce58
workflow/analysis_stage50_triage_bridge/run_triage_immune_audit.py,13938,de7b75e101d77b6903b56bbddef804fa4e45c5f57a6dd6cfc05e40c390a7fad7
workflow/analysis_stage50_triage_bridge/中文说明.md,255,331574d7baaafcb6207e76372277f0354e50de184b6313d996a305519aaeb1a6
workflow/analysis_stage53_measured_blood_anchor/execution_protocol.json,3337,55697feda3c8ce62a73ec097cd4baa5be279c501ae8e3faeaae17cdd7eaab2e3
workflow/analysis_stage53_measured_blood_anchor/freeze_and_verify_predictor.py,5135,09b0b05069c66fcfb9e224ff9e025d76719cecad9d8b2d00a9f59adfd875afb9
workflow/analysis_stage53_measured_blood_anchor/lock_transport_predictor_protocol.json,1095,84c0cb83ed40ca91f347e8e08cceaa3c4938dfae7ced665e38de12947d00fb19
workflow/analysis_stage53_measured_blood_anchor/locked_neutrophil_factor_predictor.npz,110564,1cf23a1a82e1adb4fef00fa6b56d1bef52cf2bd11c6847f7c4bebc33a9ecc424
workflow/analysis_stage53_measured_blood_anchor/locked_predictor_parameters.json,851,2487c09c0d24f149d7d387f0de60b566ad4beeae3fa051464b6b0105649e5056
workflow/analysis_stage53_measured_blood_anchor/replay_verify.py,990,01d6cd49ca7470c57379702dfe4e48f022c9626df4ef8d82b8a1db209bdaf9e9
workflow/analysis_stage53_measured_blood_anchor/run_measured_anchor_pilot.py,14499,9f9d86d7bf76e2496d0b1fa6cba73aa058d00bb2232cbd7a82152d03d9412ddb
workflow/analysis_stage53_measured_blood_anchor/中文说明.md,255,331574d7baaafcb6207e76372277f0354e50de184b6313d996a305519aaeb1a6
workflow/analysis_stage54_soundlife_external/calibration_parameters.json,682,fed150de778b3b240196535af5af5e6156d5a08e3c860cbd16559fe149bc8c8f
workflow/analysis_stage54_soundlife_external/execution_protocol.json,4064,ef2ef47eda6b7a061e382ee9011735c563e1b691820480fffded52ae8e037832
workflow/analysis_stage54_soundlife_external/prepare_soundlife.py,7751,5ba9a173d00cae1f591c6f1ce843299f50dadbaa518bd1e8d2e96c7588a0e0d0
workflow/analysis_stage54_soundlife_external/run_external_validation.py,10423,e3f114f5973bdee01c694c2341d1d15b5a2244cb824320dae075f7366cba7b60
workflow/analysis_stage54_soundlife_external/verify_and_replay.py,10264,1cd4bf12675e43e43a7f5cbbbfe00f1df2be1b78fdb29fcccfbb1279a9801d61
workflow/analysis_stage54_soundlife_external/中文说明.md,255,331574d7baaafcb6207e76372277f0354e50de184b6313d996a305519aaeb1a6
workflow/analysis_stage55_measurement_anchored_triage/execution_protocol.json,4781,4598c32960d88d8bb4afd3cbb39da78bd4d524ce51e64e438c923b488c6ead1d
workflow/analysis_stage55_measurement_anchored_triage/run_anchored_triage_audit.py,22196,878df69ae96600cb3e6e313a0e1dc9f85dc403aa8acb955295fcb39ccfa49cea
workflow/analysis_stage55_measurement_anchored_triage/verify_replay_and_balance.py,9528,1f18bbdf4484435723b02bdc68dc2c10da18bb7c603284d53e38392fafb77321
workflow/analysis_stage55_measurement_anchored_triage/中文说明.md,255,331574d7baaafcb6207e76372277f0354e50de184b6313d996a305519aaeb1a6
workflow/analysis_stage56_fair_immune_benchmark/execution_protocol.json,3945,bbfb48af4d382de70611e4aeb7ce3b3ba43fef7c5787309a5baf4c52ba59413b
workflow/analysis_stage56_fair_immune_benchmark/prepare_fair_benchmark.py,8898,5ff30be1bbd9728820d8d0595f0332a2a25e1456ab500bc1dc42ea11bc426ee3
workflow/analysis_stage56_fair_immune_benchmark/run_fair_benchmark.py,11108,7208a670f8e42774ff47d2befd762250f55a25611acc13a4f04568c9a9e4cf7f
workflow/analysis_stage56_fair_immune_benchmark/verify_and_diagnose.py,10473,2a9d9476e5cc2708c88417898c1a16c4fa4e58f1ab79be7b9cdfd28622382214
workflow/analysis_stage56_fair_immune_benchmark/中文说明.md,255,331574d7baaafcb6207e76372277f0354e50de184b6313d996a305519aaeb1a6
workflow/analysis_stage57_external_resource_audit/audit_resources.py,9703,b69fbccd1a04b7a6ef7000706cdc8fc0a5ef1d25508bda46769ff5d111c6ef97
workflow/analysis_stage57_external_resource_audit/fetch_audit_inputs.py,3049,a3779fcf4b115ba9eea1b3e7a3eeb6e5c9967a5d89867c665faa1f5423034deb
workflow/analysis_stage57_external_resource_audit/fetch_batch_biosamples.py,1764,fe99f4fca2330e0c15d7279708a9ffe70177951d426b4ad25ffbb7ceaeaf8fb4
workflow/analysis_stage57_external_resource_audit/fetch_followup_metadata.py,2758,bbfd2ebe9ca0f95e02374f58fb3ce0f5791d567694f3294cd18f601fa3e5bc31
workflow/analysis_stage57_external_resource_audit/中文说明.md,255,331574d7baaafcb6207e76372277f0354e50de184b6313d996a305519aaeb1a6
workflow/analysis_stage58_exact_MCP_benchmark/execution_protocol.json,3010,bc2cb90b3d0a495929dfe72468e6c6e31bad3d90250099e66bc6b1ebf26830e5
workflow/analysis_stage58_exact_MCP_benchmark/prepare_official_inputs.py,2207,123b3a78ecc5040a6f097b6da58d4d7b0a45e434c3fbb5a029a03ac9b156157a
workflow/analysis_stage58_exact_MCP_benchmark/run_benchmark.py,10667,691ef32799c128cfd108fb0f1f58fdab40fa534ea424a6a20e0df1b376a45184
workflow/analysis_stage58_exact_MCP_benchmark/run_official_MCP.R,1338,1783f5550873cd8a3f1e985fbc37a5b3995eafdc4dbf82d4b93f41dc7d6eee08
workflow/analysis_stage58_exact_MCP_benchmark/source_official_MCP8_parameters.json,1426,f628987f82711eeac68ba280ea4290f956184875625bfad6501783155d1ac0dd
workflow/analysis_stage58_exact_MCP_benchmark/中文说明.md,255,331574d7baaafcb6207e76372277f0354e50de184b6313d996a305519aaeb1a6
workflow/analysis_stage62_round1_figure_review/build_bioinformatics_figures.py,22222,bdf2f65f3eecb63d7d68d234263c4ace75df13652ba9eb531740f0feeb03fbd7
workflow/analysis_stage62_round1_figure_review/中文说明.md,255,331574d7baaafcb6207e76372277f0354e50de184b6313d996a305519aaeb1a6
workflow/metadata/stage22/primary_classifier_parameters.json,1078,25d4178a66b7d56c13d99b7382dacd1ff401cb65efb658a5c6e0d5ad116b84c5
workflow/metadata/stage22/中文说明.md,255,331574d7baaafcb6207e76372277f0354e50de184b6313d996a305519aaeb1a6
workflow/metadata/中文说明.md,255,331574d7baaafcb6207e76372277f0354e50de184b6313d996a305519aaeb1a6
workflow/modules/frozen_pca_modules.csv,264391,45c28b8b10035c6391cf5b144c7b410fc9020c76488f6e0cb8de721f61a83166
workflow/modules/中文说明.md,255,331574d7baaafcb6207e76372277f0354e50de184b6313d996a305519aaeb1a6
workflow/overleaf_upload_route2_v7/source_data/stage22/primary_classifier_parameters.json,1078,25d4178a66b7d56c13d99b7382dacd1ff401cb65efb658a5c6e0d5ad116b84c5
workflow/overleaf_upload_route2_v7/source_data/stage22/中文说明.md,255,331574d7baaafcb6207e76372277f0354e50de184b6313d996a305519aaeb1a6
workflow/overleaf_upload_route2_v7/source_data/中文说明.md,255,331574d7baaafcb6207e76372277f0354e50de184b6313d996a305519aaeb1a6
workflow/overleaf_upload_route2_v7/中文说明.md,255,331574d7baaafcb6207e76372277f0354e50de184b6313d996a305519aaeb1a6
workflow/中文说明.md,255,331574d7baaafcb6207e76372277f0354e50de184b6313d996a305519aaeb1a6
中文说明.md,1112,59b1d2ce23e5a99634aa42ff54a4e4f4d1b190ae888e5b2832832269c6d0bdd2
