model,regime,n,R2,MAE,RMSE,Spearman_r,bias,MAE_CI_low,MAE_CI_high,R2_CI_low,R2_CI_high
locked8,unadapted,74,-0.12045498403972132,7.576279666905656,9.088053508634452,0.7150209194430269,-6.329672374561764,6.419901923774221,8.786042204056963,-0.6854207323317659,0.22220175782426566
marker7,unadapted,74,-0.7138017919066704,9.597236729766985,11.239680479001843,0.5785182720837398,-8.40049427349805,8.24780032521519,11.037039031809735,-1.623766611283847,-0.21472389209250298
official_MCP8,unadapted,74,-0.24428329351844735,7.906698470991299,9.577084164224006,0.5520085901077038,-6.064861572495309,6.640267385168225,9.270426984968065,-0.8606131587352448,0.11921773887484192
locked8,intercept,74,0.4658033502961286,4.7429642424292835,6.275151985634511,0.7150209194430269,0.4411022523676595,3.867040576539432,5.740881603733307,0.24853640567706164,0.6178575598754824
marker7,intercept,74,0.32706758569970706,5.503789854953455,7.043027645948774,0.5785182720837398,0.5865836860267484,4.5679316648778014,6.576683967296314,0.06750103967399536,0.5186176462676402
official_MCP8,intercept,74,0.31232598132112277,5.535913311440892,7.119753818812734,0.5520085901077038,0.600523773261876,4.5913531452630645,6.610368232281889,0.05056302278343792,0.5122404496344093
locked8,affine,74,0.4556852326515668,4.773886863186891,6.33430144787551,0.7150209194430269,0.22530109101786022,3.8839199175765553,5.762508354001349,0.21065855449998064,0.6299255625610956
marker7,affine,74,0.25527963130863973,5.7131966335944195,7.40918237869199,0.5785182720837398,0.23630754570865198,4.689714248758833,6.812558067778075,-0.09118854360003137,0.4894445885728309
official_MCP8,affine,74,0.22659828998689235,5.803928252403077,7.550509059774153,0.5520085901077038,0.21731971910929493,4.754502787295244,6.928520825347907,-0.1290549475104182,0.47191788981320865
