cohort,n,AD,controls,original_brier,original_hard_error_rate,age_missing,sex_missing,unknown_donor_independence_not_resolved,score,target_coverage,retained_n,retained_AD,retained_CTL,retained_brier,retained_error_rate,actual_coverage
GSE63060,249,145.0,104.0,0.15454746944346842,0.22088353413654618,0.0,0.0,True,,,,,,,,
GSE63060,249,,,,,,,,original_module_drift,0.8,199.0,117.0,82.0,0.1530542450620766,0.21105527638190955,0.7991967871485943
GSE63060,249,,,,,,,,original_module_drift,0.6,149.0,96.0,53.0,0.16706401715173216,0.24161073825503357,0.5983935742971888
GSE63060,249,,,,,,,,frozen_prediction_uncertainty,0.8,199.0,122.0,77.0,0.13100416992645444,0.16080402010050251,0.7991967871485943
GSE63060,249,,,,,,,,frozen_prediction_uncertainty,0.6,149.0,89.0,60.0,0.10700053079784731,0.12080536912751678,0.5983935742971888
GSE63060,249,,,,,,,,measurement_anchored_immune_distance,0.8,199.0,108.0,91.0,0.15982661798069622,0.22110552763819097,0.7991967871485943
GSE63060,249,,,,,,,,measurement_anchored_immune_distance,0.6,149.0,82.0,67.0,0.16478084730733253,0.2348993288590604,0.5983935742971888
GSE63060,249,,,,,,,,measurement_anchored_residual_distance,0.8,199.0,120.0,79.0,0.1519753057217306,0.21608040201005024,0.7991967871485943
GSE63060,249,,,,,,,,measurement_anchored_residual_distance,0.6,149.0,99.0,50.0,0.17011764391486256,0.2483221476510067,0.5983935742971888
GSE63061,273,139.0,134.0,0.48898619109875713,0.4908424908424908,0.0,0.0,True,,,,,,,,
GSE63061,273,,,,,,,,original_module_drift,0.8,218.0,110.0,108.0,0.49334516132341,0.4954128440366973,0.7985347985347986
GSE63061,273,,,,,,,,original_module_drift,0.6,163.0,84.0,79.0,0.4823991309051082,0.48466257668711654,0.5970695970695971
GSE63061,273,,,,,,,,frozen_prediction_uncertainty,0.8,218.0,126.0,92.0,0.4215279357326605,0.42201834862385323,0.7985347985347986
GSE63061,273,,,,,,,,frozen_prediction_uncertainty,0.6,163.0,111.0,52.0,0.3187558907676772,0.31901840490797545,0.5970695970695971
GSE63061,273,,,,,,,,measurement_anchored_immune_distance,0.8,218.0,110.0,108.0,0.4939550466487308,0.4954128440366973,0.7985347985347986
GSE63061,273,,,,,,,,measurement_anchored_immune_distance,0.6,163.0,81.0,82.0,0.5017238032594233,0.5030674846625767,0.5970695970695971
GSE63061,273,,,,,,,,measurement_anchored_residual_distance,0.8,218.0,110.0,108.0,0.49336551935201023,0.4954128440366973,0.7985347985347986
GSE63061,273,,,,,,,,measurement_anchored_residual_distance,0.6,163.0,82.0,81.0,0.49445455964794627,0.49693251533742333,0.5970695970695971
GSE140829,427,198.0,229.0,0.37969618000155,0.4637002341920375,0.0,0.0,True,,,,,,,,
GSE140829,427,,,,,,,,original_module_drift,0.8,341.0,149.0,192.0,0.3609825169615571,0.4340175953079179,0.7985948477751756
GSE140829,427,,,,,,,,original_module_drift,0.6,256.0,104.0,152.0,0.3278795188947803,0.40234375,0.5995316159250585
GSE140829,427,,,,,,,,frozen_prediction_uncertainty,0.8,341.0,153.0,188.0,0.39004837601415865,0.44868035190615835,0.7985948477751756
GSE140829,427,,,,,,,,frozen_prediction_uncertainty,0.6,256.0,111.0,145.0,0.3892219173799073,0.43359375,0.5995316159250585
GSE140829,427,,,,,,,,measurement_anchored_immune_distance,0.8,341.0,152.0,189.0,0.36764927880765946,0.44574780058651026,0.7985948477751756
GSE140829,427,,,,,,,,measurement_anchored_immune_distance,0.6,256.0,119.0,137.0,0.3838453632467549,0.4609375,0.5995316159250585
GSE140829,427,,,,,,,,measurement_anchored_residual_distance,0.8,341.0,152.0,189.0,0.366138435957949,0.44281524926686217,0.7985948477751756
GSE140829,427,,,,,,,,measurement_anchored_residual_distance,0.6,256.0,107.0,149.0,0.3395041106940625,0.4140625,0.5995316159250585
