cohort_a,cohort_b,module,common_genes,spearman_rho,same_direction_fraction
GSE63060,GSE63061,all,5000,0.8388057683042306,0.8304
GSE63060,GSE63061,M01,914,0.9406041427250774,0.9715536105032823
GSE63060,GSE63061,M07,526,0.8729975768057745,0.8517110266159695
GSE63060,GSE140829,all,4878,0.49962241230681614,0.6797867978679787
GSE63060,GSE140829,M01,892,0.7006950612623034,0.8340807174887892
GSE63060,GSE140829,M07,512,0.463296511827514,0.69140625
GSE63060,GSE97760,all,4681,-0.49607767152098026,0.2890408032471694
GSE63060,GSE97760,M01,861,-0.5745751950894262,0.05574912891986063
GSE63060,GSE97760,M07,499,-0.37250974237631884,0.3406813627254509
GSE63061,GSE140829,all,4878,0.6397730308030574,0.7431324313243133
GSE63061,GSE140829,M01,892,0.7285824903820375,0.8329596412556054
GSE63061,GSE140829,M07,512,0.6391412857200078,0.75
GSE63061,GSE97760,all,4681,-0.43434460114348666,0.3174535355693228
GSE63061,GSE97760,M01,861,-0.5850210689247977,0.0743321718931475
GSE63061,GSE97760,M07,499,-0.4242638530072192,0.3246492985971944
GSE140829,GSE97760,all,4603,-0.28461518432532956,0.3827938301107973
GSE140829,GSE97760,M01,848,-0.525168993950246,0.2099056603773585
GSE140829,GSE97760,M07,490,-0.3892919170842028,0.35306122448979593
