cohort,module,AD_n,CTL_n,g,g_low,g_high,AD_mean_score,CTL_mean_score
GSE140829,M01,198,229,-0.12221663240135403,-0.30520589928930836,0.06528393788547378,0.6750216550306621,0.7615114682706977
GSE140829,M02,198,229,0.18992755018400348,0.0049169719331665345,0.37436620961982714,0.9334077572928323,0.8437671023296579
GSE140829,M03,198,229,-0.11391797316581255,-0.29688525482739964,0.07906694150286303,1.0459726522134158,1.086302583719926
GSE140829,M04,198,229,-0.18369031415011583,-0.37568660098631723,0.01325803106243611,0.07222711486209468,0.14835682091925376
GSE140829,M05,198,229,-0.21813145923357727,-0.4083474845213276,-0.03240765203043714,-0.4005777044617702,-0.3040251721269605
GSE140829,M06,198,229,0.1187496240945509,-0.08036220163735842,0.31852825407057994,0.9162242931776503,0.8753664118908971
GSE140829,M07,198,229,0.027283368417007972,-0.16035044874308804,0.21405408252794875,0.3042035327699709,0.2976248991529511
GSE140829,M08,198,229,0.2558179699067058,0.07116605974038505,0.4577665814016662,0.3473960838684511,0.2666690652944689
GSE63060,M01,145,104,-0.6234539113032013,-0.9068522553963406,-0.3673986938622141,-0.06793121114164004,0.3819903603135206
GSE63060,M02,145,104,0.12641274591351953,-0.11864192932576696,0.3802888566468363,0.07314392109012298,-0.0016365662789028256
GSE63060,M03,145,104,-0.044775064009241264,-0.3185027000106968,0.2105979151328225,-0.013121978847401725,0.010910398727994755
GSE63060,M04,145,104,-0.3133150976794411,-0.5719559645981509,-0.07303621225398456,-0.06735659587637854,0.0874619415528883
GSE63060,M05,145,104,0.05200884755585441,-0.19787154902516638,0.304084690951663,0.005802610844868346,-0.014799598960382436
GSE63060,M06,145,104,-0.06914511392462952,-0.3255107246282196,0.16826089577481354,-0.0036075055148101546,0.02056653837816957
GSE63060,M07,145,104,-0.9627429075394923,-1.2572539174082813,-0.7022869467787971,-0.12111380121512043,0.160453985483714
GSE63060,M08,145,104,0.23609354337393096,-0.022417194381415713,0.5003006501852685,0.018403280779276707,-0.056624463450150854
GSE63061,M01,139,134,-0.39821473348929703,-0.6520017271505196,-0.16315637574866185,-1.3321390984446992,-1.0855200008746904
GSE63061,M02,139,134,0.24695829051003465,0.001743252036433502,0.49031123677305927,1.4752271007138797,1.370879643563932
GSE63061,M03,139,134,0.14851172254222317,-0.0896926057704972,0.3850093212536059,-0.7837613369862083,-0.82185801742587
GSE63061,M04,139,134,-0.38389736786443573,-0.6216805018163309,-0.1543408548097567,0.03672088588873752,0.18294921422636626
GSE63061,M05,139,134,-0.0803907878550642,-0.32829958107192675,0.1632198754467516,1.2840155318861326,1.3072107405743134
GSE63061,M06,139,134,0.15263186563363276,-0.08705893823651496,0.4037175344851171,-2.662104286438432,-2.701532650551973
GSE63061,M07,139,134,-0.3766468976178507,-0.6114256901290194,-0.14759545285919168,-0.6923282563525126,-0.6064551477642871
GSE63061,M08,139,134,0.35612342204707326,0.11105640121573578,0.6011893355381769,-0.9314043104481134,-1.0198112653577711
GSE97760,M01,9,10,3.1260553615686106,2.445862859458816,5.034309811423279,1.8022849936307195,-1.0751719838359777
GSE97760,M02,9,10,-0.05104438285008454,-1.0357942800314497,0.8915948918186981,0.31712426690359746,0.3449517611195584
GSE97760,M03,9,10,1.4780408287911087,0.8491250543584237,2.5399606234351686,1.5303181286139724,1.0420750801283856
GSE97760,M04,9,10,-3.7929611722844845,-6.023423766630558,-3.0796390486304714,-0.01319637293792864,1.2874434632990948
GSE97760,M05,9,10,-0.10484659274168108,-0.9334202356390636,0.8947686403438113,-1.1533416152792124,-1.0947199506786114
GSE97760,M06,9,10,-1.3493358251682843,-2.474725121346021,-0.7180557216957235,2.857543903149089,3.719778855581448
GSE97760,M07,9,10,-1.410222764767762,-2.740691363977185,-0.6683678572500311,0.626647935781135,0.929688175713167
GSE97760,M08,9,10,-0.16639685803107726,-1.2327812983206998,0.6815084591950615,0.9310719524986961,1.0100536532496645
