iteration,R2
0,-0.16770311291722084
1,-0.09177463317863133
2,-0.09323561479383446
3,-0.0924060019948485
4,-0.09213694942099404
5,-0.17958776264515808
6,-0.07547317169270085
7,-0.15891947173221754
8,-0.07238772156425277
9,-0.08187700010221088
10,-0.17914832812515846
11,-0.14722556633153316
12,-0.025787570320898956
13,-0.09008476573624491
14,-0.11388258672603024
15,-0.030418603492085694
16,-0.1538526450267117
17,-0.02672044041539423
18,-0.08918407117310445
19,0.06392626535812507
20,0.0679047325948875
21,-0.111090086341326
22,-0.12877793862788423
23,-0.05603458430475827
24,-0.09013938261156285
25,-0.06245131212529209
26,-0.10470751419424662
27,-0.016504185631613932
28,-0.024188067021331472
29,-0.18093073735795562
30,-0.15913913334136676
31,-0.023460450705914848
32,-0.1188051710827942
33,-0.02607853664778692
34,-0.12974434927147427
35,-0.07650404781969078
36,-0.11859145422506123
37,-0.06619089245505116
38,-0.12213678403488992
39,-0.019314442503921336
40,0.04436175437071477
41,-0.1519915905858975
42,-0.09541812313332998
43,-0.10211357648382724
44,-0.1334164163463749
45,-0.03778860424929853
46,-0.10665301560204132
47,-0.1340134513904061
48,-0.1085602102105152
49,-0.14320925497899473
50,-0.10749105583653074
51,-0.052937165345823045
52,-0.06039381357050422
53,-0.04242400908045241
54,-0.130186525099929
55,-0.023272486986397167
56,-0.09036669686604215
57,-0.0733886510338373
58,-0.021823995281258002
59,-0.12221671207513074
60,-0.08398227941639869
61,-0.06091202227861281
62,-0.18283323788121408
63,-0.01807213411365427
64,-0.13187626142292563
65,-0.019189883908657723
66,-0.12112952888318018
67,-0.053052040817708424
68,0.0037788706710664144
69,-0.0728742425518425
70,-0.05766578637865849
71,-0.11257140047942893
72,-0.09405224064913487
73,-0.005150074334943522
74,-0.13380247838798964
75,-0.06031808496367064
76,-0.010233446076906905
77,-0.09035448041043148
78,-0.1493228187031066
79,-0.10746379654233551
80,-0.18047527159711585
81,-0.03638855056469703
82,-0.18067740231074536
83,-0.12372190742306666
84,-0.08206094058069224
85,-0.04779185630059035
86,-0.05831071177839631
87,-0.09131299999455456
88,-0.0336659293603796
89,-0.168500940307158
90,-0.03875846777200964
91,-0.10191176036458138
92,-0.07232646165993195
93,-0.19956108631085923
94,-0.17906632158235225
95,-0.06249345682045293
96,-0.060352857431204
97,-0.023502150406294886
98,0.0048754037945636375
99,-0.01702824202989195
