cell,symbol,gene_id,nonzero_donors,median_log2cpm
Astrocyte,SERPINH1,ENSG00000149257,76,2.6975077390670776
Astrocyte,CD44,ENSG00000026508,76,6.9454967975616455
Astrocyte,WIF1,ENSG00000156076,76,6.4205076694488525
Astrocyte,SLC1A2,ENSG00000110436,76,12.534870624542236
Astrocyte,GFAP,ENSG00000131095,76,9.271478652954102
Micro-PVM,GPNMB,ENSG00000136235,76,5.399980068206787
Micro-PVM,CD74,ENSG00000019582,76,9.00423288345337
Micro-PVM,APOE,ENSG00000130203,76,8.737853050231934
Micro-PVM,TREM2,ENSG00000095970,76,5.592817783355713
