target,model,seed,n,mae,r2,ccc,bias
Amyloid_panel,genes,2026,76,0.44368264161240983,0.19327682794451662,0.3962264992241962,0.023645538879641468
Amyloid_panel,genes,2027,76,0.41857215065787523,0.27870884413921115,0.4882188436622046,0.016746533724017437
Amyloid_panel,genes,2028,76,0.4166892505633691,0.29748136792175794,0.44636450959934065,-0.03007195666762877
Amyloid_panel,markers,2026,76,0.4138812280945288,0.2824582499614605,0.520606395137645,0.03956858717980208
Amyloid_panel,markers,2027,76,0.4707041496205976,0.11725225343363332,0.34227522691863693,0.032295354436951126
Amyloid_panel,markers,2028,76,0.41639873317643444,0.35128732919101413,0.5354648067282646,-0.004035304075599653
Amyloid_panel,metadata,2026,76,0.40264771081378337,0.3808021548222241,0.5348845926542153,0.0045474596098171415
Amyloid_panel,metadata,2027,76,0.40505229670104,0.3659712332942744,0.5218503331229497,0.00513732809423369
Amyloid_panel,metadata,2028,76,0.4177546415359905,0.3318776450944414,0.5020127400744202,-0.012695385931153805
Amyloid_panel,orthogonal,2026,76,0.3999715195050408,0.3955472185757659,0.5819701301376129,0.03449319971833718
Amyloid_panel,orthogonal,2027,76,0.4367656031261493,0.11140315926605937,0.49749206329665735,0.0671216756054454
Amyloid_panel,orthogonal,2028,76,0.4770891678325888,0.1374477066239005,0.45281572261069775,0.005265023653628891
Amyloid_panel,quality,2026,76,0.448496817365767,0.029883246431083976,0.42691911229586277,0.05233519933729068
Amyloid_panel,quality,2027,76,0.5130003043720839,-0.15584662191792953,0.19431271750904563,0.06856512027547934
Amyloid_panel,quality,2028,76,0.44573861739458104,0.2585457591022944,0.4185624068114465,0.0038107013034263423
Tau_DFC,genes,2026,76,0.34879274670618055,0.5225574273198234,0.6952664869615542,0.014724691926711967
Tau_DFC,genes,2027,76,0.3569003885099653,0.5580152727421543,0.7421046355527406,0.04013624597933756
Tau_DFC,genes,2028,76,0.3263821728862052,0.5910118076912082,0.7561997530534755,0.017372039777526112
Tau_DFC,markers,2026,76,0.3904310349829956,0.40512387391280413,0.6091079858640344,-0.013307554498877912
Tau_DFC,markers,2027,76,0.4475807579720843,0.31024396385116093,0.5520091050456177,0.02869179375188523
Tau_DFC,markers,2028,76,0.35115802627455966,0.516086484577654,0.6883598254618079,-0.010255246279309993
Tau_DFC,metadata,2026,76,0.4299185197578637,0.28042588125081447,0.4440077601884297,-0.008858982824915563
Tau_DFC,metadata,2027,76,0.42121407604733846,0.3453509543518978,0.49447800927478247,-0.004949836889043498
Tau_DFC,metadata,2028,76,0.42520305526606256,0.31465236799983753,0.45451499231109915,-0.0006559596915427688
Tau_DFC,orthogonal,2026,76,0.3921219487469546,0.3954712681547715,0.6323998206534124,-0.010973849566667755
Tau_DFC,orthogonal,2027,76,0.43348192320313983,0.3424493863910003,0.6051026103361047,0.010599650311745217
Tau_DFC,orthogonal,2028,76,0.3670010081584893,0.48804739367169214,0.6916571108254362,0.008556311541013278
Tau_DFC,quality,2026,76,0.39623571365729354,0.3736560644289275,0.601706828650558,-0.0021213282071418605
Tau_DFC,quality,2027,76,0.384001648579362,0.4599204211974429,0.6008688614059822,0.03409946460582429
Tau_DFC,quality,2028,76,0.3547226597926649,0.4853189110517778,0.6024885305380993,0.005757552218171362
Tau_MEC,genes,2026,76,0.7712356591977212,-0.09258084225115337,0.048293552186027086,0.024347825814159795
Tau_MEC,genes,2027,76,0.7844984587136735,-0.15536997558667354,0.027823370381499766,0.061654709049301815
Tau_MEC,genes,2028,76,0.7489527261448997,-0.03478695008769406,0.02419588491028439,0.038686035218803705
Tau_MEC,markers,2026,76,0.7308126841990878,-0.2552676067695694,0.19435481271988786,0.11914142342461716
Tau_MEC,markers,2027,76,0.7783687519879584,-0.10163141791831598,0.06750234328359056,0.050567680946592045
Tau_MEC,markers,2028,76,0.7193643123057963,0.021616029865555997,0.20930828397432186,0.04296638940320258
Tau_MEC,metadata,2026,76,0.6938799399551933,0.11305570790629349,0.31499875007109096,0.02983594648199252
Tau_MEC,metadata,2027,76,0.6726126846157894,0.16539872728950433,0.28910170629961374,0.0352091755153292
Tau_MEC,metadata,2028,76,0.6813730717103768,0.10716905085803807,0.23642346562942015,-0.01306025615975441
Tau_MEC,orthogonal,2026,76,0.8928061273059759,-0.9338392131136466,0.13775738220374062,0.20654462867482978
Tau_MEC,orthogonal,2027,76,0.7441762617944082,-0.12012343269514059,0.30549976864625217,0.0018121991636402706
Tau_MEC,orthogonal,2028,76,0.7004400895041296,-0.02662947261130344,0.3280000334546136,0.0051576345066424315
Tau_MEC,quality,2026,76,0.6922026765482023,0.041110508095842935,0.21435935395137226,0.05467212274095792
Tau_MEC,quality,2027,76,0.7027799726741651,0.05157299277371885,0.30116998414417134,0.047292817932212426
Tau_MEC,quality,2028,76,0.7203771984155855,-0.05410287813546044,0.1407550470339511,0.03678103373568058
Tau_panel,genes,2026,76,0.3433713016698395,0.4911297357966704,0.6684839505558141,0.03449150657756711
Tau_panel,genes,2027,76,0.3478492510725985,0.5169068569645874,0.696457677558521,0.005323127591765564
Tau_panel,genes,2028,76,0.3363676805001641,0.5438306517327046,0.7029013184419123,-0.005991382334642863
Tau_panel,markers,2026,76,0.37544755337222835,0.36785583011913014,0.595081125649014,0.02839642420939149
Tau_panel,markers,2027,76,0.3359651766614949,0.49806525711929994,0.6731013367439587,0.009087102352621824
Tau_panel,markers,2028,76,0.34891419499470067,0.451303216210454,0.6317280473571014,0.004099404133835856
Tau_panel,metadata,2026,76,0.3676617195453814,0.39156166361547795,0.5630230531709567,0.0069815530947883895
Tau_panel,metadata,2027,76,0.3566014763369523,0.43551313841315753,0.5884957538606215,0.00555918611739858
Tau_panel,metadata,2028,76,0.3630992529696914,0.407487431984188,0.5678723810255989,0.010394718192553255
Tau_panel,orthogonal,2026,76,0.4048713847626461,0.09117700255624694,0.49633736010405366,0.04496791004951007
Tau_panel,orthogonal,2027,76,0.3995689497519892,0.27638690438979363,0.595985152608826,0.007762062714718232
Tau_panel,orthogonal,2028,76,0.40143582154735613,0.2857406931201846,0.5856363079684231,0.0761075067886502
Tau_panel,quality,2026,76,0.42291459861740566,0.00272885108281562,0.43828469659004843,0.047868968136235146
Tau_panel,quality,2027,76,0.35487685831230603,0.45761949457490536,0.5967590821648443,0.026813019435429557
Tau_panel,quality,2028,76,0.3737183394822147,0.33322465715760197,0.5402362763100423,0.018214698877875014
