target,baseline,model,n,improvement,ci_low,ci_high,relative_improvement
Amyloid_panel,metadata,genes,76,-0.01782979792761344,-0.05811669564698263,0.02424502962702566,-0.04364861141476837
Amyloid_panel,metadata,markers,76,-0.025176487280249005,-0.07046446122630191,0.01637535325673012,-0.061633828635967065
Amyloid_panel,metadata,orthogonal,76,-0.029457213804321675,-0.08824063148927509,0.028430235436709653,-0.07211335113985166
Amyloid_panel,quality,genes,76,0.04276389876625928,-0.002953709933957405,0.09757646794299535,0.09116574624367507
Amyloid_panel,quality,markers,76,0.03541720941362372,0.008415209848663265,0.06581115789325669,0.07550378752203651
Amyloid_panel,quality,orthogonal,76,0.031136482889551054,-0.002484488993471758,0.06459911330634745,0.06637796786360796
Tau_DFC,metadata,genes,76,0.08142011432297125,0.006373215193613971,0.1543205384498101,0.19137625965701038
Tau_DFC,metadata,markers,76,0.029055277280541768,-0.03561356490333908,0.09170779073999058,0.06829381579090466
Tau_DFC,metadata,orthogonal,76,0.02791025698756036,-0.04605047055320685,0.09668749199118239,0.06560246976757522
Tau_DFC,quality,genes,76,0.03429490464232312,-0.016645814572470097,0.08530491827304457,0.0906505180182562
Tau_DFC,quality,markers,76,-0.018069932400106365,-0.049089162867183414,0.013696218946601236,-0.04776361823158442
Tau_DFC,quality,orthogonal,76,-0.019214952693087782,-0.05225765456963225,0.012076488506926908,-0.050790210192772904
Tau_MEC,metadata,genes,76,-0.08560704925831171,-0.14399965714751842,-0.026006554325896585,-0.1254091751433147
Tau_MEC,metadata,markers,76,-0.06022668407049441,-0.13082981888652923,0.007862024250345042,-0.08822846758924338
Tau_MEC,metadata,orthogonal,76,-0.09651892744105148,-0.21199885826573933,0.010006130000765964,-0.1413944199802504
Tau_MEC,quality,genes,76,-0.06310899880611387,-0.1211989771304499,-0.0030974372892774017,-0.08950108258400923
Tau_MEC,quality,markers,76,-0.03772863361829657,-0.06689811528759088,-0.008673277438734178,-0.05350668869945462
Tau_MEC,quality,orthogonal,76,-0.07402087698885362,-0.14862609900954227,-0.007565764937067546,-0.1049762910147509
Tau_panel,metadata,genes,76,0.01992473853647439,-0.04446440077303599,0.08075840261841497,0.05497174899917628
Tau_panel,metadata,markers,76,0.009011841274533822,-0.04636952888426849,0.062534621839419,0.024863396609055264
Tau_panel,metadata,orthogonal,76,-0.03950456906998875,-0.11054354692414968,0.024665160897664674,-0.10899190728453628
Tau_panel,quality,genes,76,0.04130718772310816,-0.005795719860572727,0.09433787287840477,0.1076165948005486
Tau_panel,quality,markers,76,0.030394290461167584,-0.0006570040793344858,0.07047496159978511,0.07918549339973151
Tau_panel,quality,orthogonal,76,-0.01812211988335499,-0.04590251182681063,0.010508633586761223,-0.0472131108388909
