repeat,metadata_mae,genes_mae,improvement
0,0.5181088098599347,0.5103210544224034,0.0077877554375312
1,0.5071023424368196,0.4835434467691871,0.0235588956676325
2,0.5117465006357422,0.5152891833155073,-0.003542682679765
3,0.5262665044680924,0.508409711185904,0.0178567932821884
4,0.5182696600814763,0.5179598333052703,0.000309826776206
5,0.5074094224152557,0.5062193248407908,0.0011900975744648
6,0.5149766880107901,0.5138485849705624,0.0011281030402277
7,0.5357257888705652,0.5264653410707283,0.0092604477998369
8,0.5002247760312977,0.5055648093581276,-0.0053400333268299
9,0.489787076481462,0.5081021952522783,-0.0183151187708162
10,0.4859488919041465,0.5414372682662127,-0.0554883763620662
11,0.5116787124382571,0.5084795111129938,0.0031992013252633
12,0.517610761084704,0.4955261736395726,0.0220845874451314
13,0.5146465755588124,0.5081889456901532,0.0064576298686592
14,0.5157879244173118,0.523499563695707,-0.0077116392783952
15,0.5041266515586912,0.5128972462700209,-0.0087705947113296
16,0.5161443241653337,0.5131084486715819,0.0030358754937518
17,0.5138830767856595,0.5546451904275926,-0.0407621136419331
18,0.4919336124572194,0.5135849543661077,-0.0216513419088883
19,0.52968535153145,0.5101258186420635,0.0195595328893865
20,0.5097718344762344,0.5067793876031415,0.0029924468730929688
21,0.5127134216259881,0.5060152612452368,0.006698160380751328
22,0.5242870712283781,0.5630470650722941,-0.03875999384391593
23,0.47003254845173986,0.5094142035951968,-0.039381655143456984
24,0.5578039349970715,0.5154892768606375,0.04231465813643398
25,0.5072502730972647,0.5074388547322419,-0.00018858163497725844
26,0.5087961948853682,0.556874018018044,-0.048077823132675834
27,0.507872773978172,0.510308896518701,-0.002436122540529051
28,0.5168765876109538,0.5116433209009434,0.0052332667100103425
29,0.5092889022548882,0.5397675006068958,-0.030478598352007613
30,0.5166172909348177,0.5098515009086075,0.006765790026210139
31,0.5141514174144158,0.5335837018733299,-0.019432284458914095
32,0.5169631300746236,0.5126312042939982,0.004331925780625356
33,0.5096968336722919,0.5177395392562378,-0.00804270558394593
34,0.5135859175017297,0.5078307497381024,0.005755167763627278
35,0.5168528168380995,0.5104519997088305,0.0064008171292689875
36,0.525504861892256,0.5213768445794762,0.004128017312779786
37,0.5181543771534116,0.5070339046714273,0.011120472481984334
38,0.5149757647781981,0.5210281760856127,-0.006052411307414629
39,0.5301613549470113,0.5087646809571945,0.021396673989816817
40,0.5083702232708739,0.5083785083855948,-8.285114720951725e-06
41,0.514808993458696,0.5245569297233533,-0.009747936264657309
42,0.5088680646383347,0.5075693874703183,0.001298677168016349
43,0.4955052876419803,0.5145645619507551,-0.019059274308774743
44,0.5169315974335197,0.5342640044362061,-0.017332407002686456
45,0.5277649488142596,0.5268827675971526,0.0008821812171070365
46,0.5165099876569702,0.515933444663845,0.0005765429931251509
47,0.5109727137527458,0.5066590958354839,0.004313617917261925
48,0.5237735806564657,0.5188213259923635,0.004952254664102207
49,0.5148860692328274,0.5305682880708652,-0.015682218838037776
50,0.5086414635145153,0.5052978756059593,0.003343587908556045
51,0.5222511534394523,0.531841009888159,-0.00958985644870669
52,0.5146422673380495,0.5145839511108092,5.8316227240284846e-05
53,0.5155286066193262,0.5123362948767792,0.0031923117425469716
54,0.5182617513213844,0.5149660585636854,0.0032956927576990314
55,0.5183546162580024,0.5094699474012302,0.008884668856772193
56,0.5212241613591972,0.5130147413165215,0.008209420042675775
57,0.4779428016316125,0.5222895814894642,-0.04434677985785174
58,0.5107205908582882,0.5069467018646009,0.0037738889936873576
59,0.5154197173338361,0.5139846928037445,0.0014350245300915887
60,0.5129597732971195,0.5097205609104565,0.0032392123866630262
61,0.4999256103752427,0.5081203148228309,-0.008194704447588241
62,0.5070387080967645,0.5175205785716717,-0.010481870474907118
63,0.5058087796492968,0.5063630177772648,-0.0005542381279679542
64,0.5056509303059911,0.5062213180422814,-0.0005703877362903675
65,0.5192108175950272,0.5136118472652549,0.0055989703297723015
66,0.5204598439641623,0.5155815614117119,0.004878282552450486
67,0.5285500686544534,0.5118657894633284,0.01668427919112503
68,0.5169276727857811,0.5122518259555519,0.004675846830229258
69,0.5166081754408903,0.5749374517475532,-0.05832927630666285
70,0.5485752473788571,0.5127987124574026,0.035776534921454495
71,0.5251889993953158,0.5095064331019328,0.01568256629338305
72,0.5278667972793931,0.523357144372622,0.004509652906771078
73,0.5151745691172424,0.5111334883180325,0.00404108079920984
74,0.4836241885302283,0.5122036770849352,-0.028579488554706878
75,0.5120937564807825,0.5074190942539732,0.004674662226809234
76,0.5151238928448215,0.5149205240581625,0.00020336878665905278
77,0.5140716024262764,0.5091738302800614,0.004897772146215007
78,0.5174958733454295,0.5167637722155168,0.0007321011299126212
79,0.5185060801199132,0.5073643284447515,0.011141751675161626
80,0.5155104916726629,0.5096709919737884,0.00583949969887454
81,0.5300358306409215,0.5090998013786073,0.020936029262314193
82,0.5036342717920693,0.5073361336287793,-0.003701861836709952
83,0.5074919874033899,0.5049849530111457,0.0025070343922442007
84,0.49662145561045284,0.5082900566450751,-0.01166860103462225
85,0.5125663219667833,0.5113681419710303,0.0011981799957530015
86,0.5055875701213215,0.5048858324817562,0.0007017376395652697
87,0.5155052569738561,0.513319644865202,0.002185612108654089
88,0.5147427750818778,0.5094844838242872,0.005258291257590586
89,0.5332202993526846,0.5107492578399695,0.022471041512715062
90,0.5101024669479383,0.5120833959117095,-0.0019809289637712224
91,0.5222271731920793,0.5035872571351299,0.01863991605694948
92,0.5113593399562847,0.5285592260631073,-0.01719988610682266
93,0.5200136006007894,0.506874964917398,0.013138635683391353
94,0.5164801374106108,0.5193856119361258,-0.0029054745255149284
95,0.5119669029278998,0.5116883666122478,0.00027853631565200043
96,0.5104881024008371,0.48817800014015833,0.022310102260678755
97,0.5073649877041688,0.5070076723940522,0.00035731531011662376
98,0.5293528154066314,0.5284569201086589,0.0008958952979725154
99,0.5451823749344,0.5062387418038699,0.038943633130530175
100,0.5271344481782515,0.5166230513041046,0.010511396874146928
101,0.5189960181328,0.5157057654569647,0.003290252675835381
102,0.504549797083119,0.5090648040786236,-0.004515006995504667
103,0.49804760908030093,0.5600718550620654,-0.062024245981764425
104,0.5118635534568329,0.5086572932792411,0.0032062601775917354
105,0.5078756867281016,0.5058198903046588,0.0020557964234427795
106,0.5207110138363397,0.5212921076809861,-0.0005810938446464409
107,0.5175736327738744,0.5156502490071998,0.001923383766674558
108,0.5288589843802072,0.5061097894582282,0.02274919492197902
109,0.5163644478645472,0.5576762725204508,-0.04131182465590366
110,0.5239255164908588,0.5130044430926584,0.010921073398200476
111,0.4934487228047663,0.5434564712864064,-0.05000774848164008
112,0.5052179174482629,0.5058777271384252,-0.0006598096901622164
113,0.5279886892053544,0.6006215323248206,-0.07263284311946627
114,0.5268473034934736,0.5128322229793121,0.01401508051416156
115,0.5166303256544433,0.5441983915026091,-0.027568065848165735
116,0.5170309255709317,0.5279794463490957,-0.010948520778163995
117,0.510047256632474,0.509220991498555,0.0008262651339189242
118,0.5133670744294667,0.5236384447946523,-0.01027137036518555
119,0.5214355442200826,0.5201898957746234,0.0012456484454592687
120,0.5145042815856243,0.5077573646657887,0.006746916919835644
121,0.521357576759803,0.526593867664021,-0.005236290904218066
122,0.5161062541460844,0.5178411823206345,-0.001734928174550121
123,0.5072828189064275,0.5069684263496445,0.00031439255678300526
124,0.5159535931768267,0.5106205961472062,0.005332997029620423
125,0.48974562324254955,0.5130798851477306,-0.023334261905181064
126,0.5108104697353797,0.5098789386565777,0.0009315310788019504
127,0.4568546394518403,0.5101840881236047,-0.05332944867176442
128,0.5147641016533505,0.5080690133123967,0.006695088340953781
129,0.506761505065773,0.5079782053248658,-0.0012167002590928178
130,0.5296813363162761,0.5351193482782081,-0.005438011961931943
131,0.5130439781908185,0.5082115105777101,0.004832467613108404
132,0.5093148599734769,0.5091610032907498,0.00015385668272716035
133,0.5094549721369939,0.505003846543864,0.004451125593129879
134,0.5117342453221462,0.5112339891049998,0.0005002562171463332
135,0.5359372344545741,0.5524583294742577,-0.016521095019683574
136,0.5134411321725748,0.5141048012298021,-0.0006636690572272563
137,0.5037790704020932,0.505151382175573,-0.0013723117734797396
138,0.4912572270793334,0.5064954225492666,-0.015238195469933213
139,0.5201579916647272,0.5176003976445793,0.0025575940201478797
140,0.507098266264141,0.5048312658456733,0.002267000418467724
141,0.5112528496640357,0.5351236733228109,-0.02387082365877513
142,0.5087199168337897,0.502928632731964,0.005791284101825722
143,0.5232149679603383,0.5103184611214299,0.012896506838908417
144,0.510623881413258,0.507849654701528,0.002774226711729999
145,0.5299289401283789,0.5106850968510711,0.01924384327730777
146,0.5007295187058863,0.5084969567647953,-0.007767438058909004
147,0.5092789098950857,0.5086368533382717,0.0006420565568140413
148,0.5445709487742686,0.5261409891450587,0.018429959629209902
149,0.5150377903879609,0.5118419558811764,0.0031958345067845118
150,0.5073051892001916,0.506944132750878,0.0003610564493136126
151,0.5162959166793292,0.5114207704861728,0.004875146193156321
152,0.5131952239635977,0.5133914233227488,-0.00019619935915105025
153,0.5390334837264903,0.5289210798642603,0.010112403862230002
154,0.5183349402403884,0.5384832360437585,-0.020148295803370075
155,0.5331253026640772,0.5484892711691323,-0.015363968505055059
156,0.5370588500983559,0.5174694799588916,0.01958937013946427
157,0.535289810663295,0.5261122844578926,0.009177526205402353
158,0.514222788388121,0.5051512542673017,0.009071534120819291
159,0.5194836584763263,0.5588985521875255,-0.03941489371119922
160,0.5355623601338803,0.5041707701490915,0.03139158998478875
161,0.5316900697992815,0.51325654226334,0.018433527535941407
162,0.5013244965150178,0.5240437490345959,-0.02271925251957818
163,0.5128328987704434,0.5155927461438021,-0.0027598473733587703
164,0.5343561013479377,0.5316029122463655,0.0027531891015721843
165,0.5222593726441299,0.530590144376163,-0.008330771732033115
166,0.5251856582872156,0.5242086656767785,0.0009769926104371551
167,0.509178741525199,0.505768229905938,0.003410511619261092
168,0.5188122506670425,0.5178113366193378,0.0010009140477047485
169,0.5243331384954939,0.5135059541733827,0.01082718432211116
170,0.508247039906856,0.5071022839680873,0.0011447559387687267
171,0.5190618716824039,0.5160494512803058,0.003012420402098148
172,0.5052810078626159,0.5052397516165879,4.1256246028020804e-05
173,0.5172690115498004,0.5065601574967095,0.010708854053090966
174,0.5296331347369362,0.5052665977474868,0.02436653698944935
175,0.5184069926446296,0.5098646062261477,0.008542386418481929
176,0.51382133393301,0.5102327980002176,0.0035885359327924027
177,0.524342185094706,0.558709537779219,-0.034367352684512964
178,0.5158052194858793,0.5148031862830998,0.0010020332027794732
179,0.5124243556524547,0.5099542935464938,0.002470062105960902
180,0.5144202704650128,0.5225292125790839,-0.008108942114071094
181,0.5212649298605654,0.5106848372517194,0.010580092608845959
182,0.5200202399671119,0.5131037860632248,0.006916453903887065
183,0.5109940328774394,0.509332012137324,0.0016620207401153442
184,0.5284252132121023,0.5207934227644357,0.007631790447666598
185,0.5041948512505219,0.505200113151622,-0.001005261901100174
186,0.5208286836952315,0.5161076342896561,0.004721049405575384
187,0.49248197930371107,0.5068352438844347,-0.014353264580723613
188,0.5125851363157101,0.5104127835172729,0.0021723527984371938
189,0.5192418372477045,0.5066547016760885,0.012587135571615948
190,0.5129106915224744,0.5069015981843782,0.006009093338096183
191,0.5061292327462896,0.521476611552543,-0.015347378806253364
192,0.5175917251738368,0.5056290186019532,0.011962706571883586
193,0.5090120825633008,0.509459257080637,-0.00044717451733622404
194,0.5151047639051831,0.5109917446619132,0.0041130192432699
195,0.5412450831949818,0.5128026928544006,0.02844239034058116
196,0.4819668255574654,0.509577984420114,-0.027611158862648644
197,0.51211047759081,0.5108890776681911,0.0012213999226188266
198,0.5065996077997671,0.5082165804028703,-0.0016169726031032283
