target,seed,r2_low,r2_high
Amyloid_panel,2026,-0.06654102764590687,0.37640908402982964
Amyloid_panel,2027,-0.00796702644834754,0.46532304612945474
Amyloid_panel,2028,0.10604095420811081,0.43833484022007857
Tau_DFC,2026,0.3053645103615483,0.657506129556736
Tau_DFC,2027,0.3460121577528066,0.6868928665710372
Tau_DFC,2028,0.39539952766219977,0.7112773319957288
Tau_MEC,2026,-0.3341619410701916,0.07408953006318843
Tau_MEC,2027,-0.4077097560222446,-0.012627707637194879
Tau_MEC,2028,-0.16267615686662754,0.03963959452306073
Tau_panel,2026,0.28719882840994765,0.6317927367488527
Tau_panel,2027,0.325456708609921,0.6493851210404019
Tau_panel,2028,0.365741421460601,0.6689297503176643
