target,model,buffer,n,r,df,p,q
Amyloid_panel,genes,RIPA,76,0.2345986763278179,42,0.1253169140942256,0.7160966519670035
Amyloid_panel,genes,GuHCl,76,0.0997308968863116,42,0.5195078880380148,0.8785499382120799
Amyloid_panel,markers,RIPA,76,0.32616635063270727,42,0.030715882862983677,0.362580400360967
Amyloid_panel,markers,GuHCl,76,0.3403132745783637,42,0.02380058875165677,0.362580400360967
Amyloid_panel,metadata,RIPA,76,0.21631713143051023,42,0.158439538045317,0.7570534274223117
Amyloid_panel,metadata,GuHCl,76,0.16712540442238702,42,0.2782235663838916,0.7570534274223117
Amyloid_panel,orthogonal,RIPA,76,0.16743763681534246,42,0.2773137912082299,0.7570534274223117
Amyloid_panel,orthogonal,GuHCl,76,0.06571597714279837,42,0.6716970911577961,0.9024511466424088
Amyloid_panel,quality,RIPA,76,0.2366961059248963,42,0.12187787119145439,0.7160966519670035
Amyloid_panel,quality,GuHCl,76,0.16458382753222492,42,0.2857019273754546,0.7570534274223117
Tau_DFC,genes,RIPA,76,-0.3332755940504336,42,0.027057615758690236,0.362580400360967
Tau_DFC,genes,GuHCl,76,-0.30334082622798914,42,0.045322550045120875,0.362580400360967
Tau_DFC,markers,RIPA,76,0.05446216621754472,42,0.7254969680814164,0.9024511466424088
Tau_DFC,markers,GuHCl,76,0.06315447341577962,42,0.6838123539956557,0.9024511466424088
Tau_DFC,metadata,RIPA,76,-0.15310457785267884,42,0.32109527576462504,0.7570534274223117
Tau_DFC,metadata,GuHCl,76,-0.11156347319459606,42,0.47092207131628966,0.8785499382120799
Tau_DFC,orthogonal,RIPA,76,-0.1944023122541438,42,0.20605046260771218,0.7570534274223117
Tau_DFC,orthogonal,GuHCl,76,-0.21017018310270702,42,0.17089696324344444,0.7570534274223117
Tau_DFC,quality,RIPA,76,-0.13535527053182947,42,0.38100872261209173,0.802123626551772
Tau_DFC,quality,GuHCl,76,-0.15290072935148213,42,0.3217477066544825,0.7570534274223117
Tau_MEC,genes,RIPA,76,-0.15373974647294467,42,0.3190677209149306,0.7570534274223117
Tau_MEC,genes,GuHCl,76,0.08689923257011685,42,0.5748706065370168,0.8785499382120799
Tau_MEC,markers,RIPA,76,0.02345255620044178,42,0.8798898679763485,0.9024511466424088
Tau_MEC,markers,GuHCl,76,0.08281891578663422,42,0.593021208293154,0.8785499382120799
Tau_MEC,metadata,RIPA,76,0.0465777331071422,42,0.7640015649609068,0.9024511466424088
Tau_MEC,metadata,GuHCl,76,0.14302591990500912,42,0.3543481757559854,0.7874403905688564
Tau_MEC,orthogonal,RIPA,76,0.02367413282930344,42,0.8787635013760445,0.9024511466424088
Tau_MEC,orthogonal,GuHCl,76,0.03245182860304483,42,0.8343553035794643,0.9024511466424088
Tau_MEC,quality,RIPA,76,-0.0912364022554721,42,0.5558599931960436,0.8785499382120799
Tau_MEC,quality,GuHCl,76,-0.030964874674233124,42,0.841846280863235,0.9024511466424088
Tau_panel,genes,RIPA,76,-0.3042288123116789,42,0.04466432258212617,0.362580400360967
Tau_panel,genes,GuHCl,76,-0.17951959483370597,42,0.24360663132018767,0.7570534274223117
Tau_panel,markers,RIPA,76,0.012594481299558698,42,0.9353302669640137,0.9353302669640137
Tau_panel,markers,GuHCl,76,0.06887522833827306,42,0.6568673726206489,0.9024511466424088
Tau_panel,metadata,RIPA,76,-0.03664944817493153,42,0.8132886377344916,0.9024511466424088
Tau_panel,metadata,GuHCl,76,0.092917370242258,42,0.5485724075638723,0.8785499382120799
Tau_panel,orthogonal,RIPA,76,-0.05545244312459206,42,0.7207055711552293,0.9024511466424088
Tau_panel,orthogonal,GuHCl,76,-0.02709670907398253,42,0.8613964712341888,0.9024511466424088
Tau_panel,quality,RIPA,76,-0.09955673894811021,42,0.5202411360320996,0.8785499382120799
Tau_panel,quality,GuHCl,76,-0.08705174037294744,42,0.5741971405376464,0.8785499382120799
