cohort,module,n,partial_rank_r,p,residual_df,analysis_role,q_BH_16_tests
Overmyer125,M01,125,-0.22005080250523093,0.015298320108525906,119,post-result exhaustive module diagnostic,0.018828701672031885
Overmyer125,M02,125,0.7492001420816585,4.95242872264329e-23,119,post-result exhaustive module diagnostic,3.961942978114632e-22
Overmyer125,M03,125,-0.7692098336765039,6.746314437925303e-25,119,post-result exhaustive module diagnostic,1.0794103100680485e-23
Overmyer125,M04,125,-0.22886827851413588,0.011568915830672408,119,post-result exhaustive module diagnostic,0.015425221107563211
Overmyer125,M05,125,0.14706843582818785,0.10745761576821249,119,post-result exhaustive module diagnostic,0.12280870373509999
Overmyer125,M06,125,-0.42637687484480025,1.0809244071368841e-06,119,post-result exhaustive module diagnostic,3.458958102838029e-06
Overmyer125,M07,125,-0.2569952075304396,0.004433335924912423,119,post-result exhaustive module diagnostic,0.006448488618054433
Overmyer125,M08,125,-0.42331894725982133,1.314034866330402e-06,119,post-result exhaustive module diagnostic,3.5040929768810722e-06
SoundLife94,M01,94,-0.3386564257078814,0.0009599505558563364,90,post-result exhaustive module diagnostic,0.0019199011117126729
SoundLife94,M02,94,0.7142831830237637,1.3066120793144765e-15,90,post-result exhaustive module diagnostic,6.968597756343874e-15
SoundLife94,M03,94,-0.5336446801635268,4.316011987911753e-08,90,post-result exhaustive module diagnostic,1.7264047951647011e-07
SoundLife94,M04,94,0.041169346614653324,0.6967963529754289,90,post-result exhaustive module diagnostic,0.6967963529754289
SoundLife94,M05,94,-0.32735581672751785,0.0014465292025079893,90,post-result exhaustive module diagnostic,0.002314446724012783
SoundLife94,M06,94,0.04765547466000031,0.6519160423270712,90,post-result exhaustive module diagnostic,0.6953771118155426
SoundLife94,M07,94,-0.364447738565314,0.0003549074969275639,90,post-result exhaustive module diagnostic,0.0008112171358344317
SoundLife94,M08,94,-0.3279488811183515,0.0014162735778343145,90,post-result exhaustive module diagnostic,0.002314446724012783
