gene,factor_module_available_in_both_studies,official_immune_marker_in_both_studies
AAR2,True,False
AATF,True,False
ABCA1,True,False
ABCA7,True,False
ABCB10,True,False
ABCC3,True,False
ABCD1,True,False
ABCE1,True,False
ABCF1,True,False
ABHD10,True,False
ABHD14A,True,False
ABHD14B,True,False
ABHD16A,True,False
ABHD3,True,False
ABHD4,True,False
ABHD5,True,False
ABI1,True,False
ABI3,True,False
ABLIM1,True,False
ABRACL,True,False
ABTB1,True,False
ACAA1,True,False
ACAA2,True,False
ACACB,True,False
ACAD11,True,False
ACAD9,True,False
ACADM,True,False
ACADVL,True,False
ACAP1,True,False
ACAP2,True,False
ACAT1,True,False
ACAT2,True,False
ACBD3,True,False
ACD,True,False
ACER3,True,False
ACIN1,True,False
ACKR1,True,False
ACLY,True,False
ACO2,True,False
ACOT13,True,False
ACP1,True,False
ACP5,True,False
ACRBP,True,False
ACSL1,True,False
ACSL4,True,False
ACSS1,True,False
ACTA2,True,False
ACTB,True,False
ACTG1,True,False
ACTL6A,True,False
ACTN1,True,False
ACTN4,True,False
ACTR10,True,False
ACTR1A,True,False
ACTR2,True,False
ACTR3,True,False
ACTR6,True,False
ACTRT1,True,False
ACVR1,True,False
ADA,True,False
ADAM19,True,False
ADAM8,True,False
ADAP1,True,False
ADAP2,True,True
ADAR,True,False
ADAT1,True,False
ADCK1,True,False
ADCK2,True,False
ADCY3,True,False
ADCY4,True,False
ADD1,True,False
ADD3,True,False
ADGRE1,True,False
ADGRE3,True,False
ADGRE5,True,False
ADGRG1,True,False
ADGRG3,True,False
ADGRG5,True,False
ADIPOR1,True,False
ADIPOR2,True,False
ADM,True,False
ADO,True,False
ADORA2A,True,False
ADORA3,True,False
ADPGK,True,False
ADPRH,True,False
ADRB2,True,False
ADRM1,True,False
ADSL,True,False
AEN,True,False
AFG3L2,True,False
AGA,True,False
AGAP6,True,False
AGO2,True,False
AGO4,True,False
AGPAT4,True,False
AGPS,True,False
AGTPBP1,True,False
AGTRAP,True,False
AHCTF1,True,False
AHCY,True,False
AHCYL1,True,False
AHR,True,False
AHSA1,True,False
AHSP,True,False
AIF1,True,False
AIM2,True,False
AIMP2,True,False
AIP,True,False
AIRE,True,False
AK3,True,False
AKAP10,True,False
AKAP11,True,False
AKAP13,True,False
AKAP17A,True,False
AKAP3,True,False
AKAP8L,True,False
AKIRIN2,True,False
AKNA,True,False
AKR1B1,True,False
AKR1C3,True,False
AKR1D1,True,False
AKR7A2,True,False
AKR7A3,True,False
AKT1,True,False
AKTIP,True,False
ALAS2,True,False
ALCAM,True,False
ALDH16A1,True,False
ALDH1A1,True,False
ALDH2,True,False
ALDH3B1,True,False
ALDH5A1,True,False
ALDH9A1,True,False
ALDOA,True,False
ALDOB,True,False
ALDOC,True,False
ALG3,True,False
ALG5,True,False
ALG6,True,False
ALKBH3,True,False
ALKBH5,True,False
ALKBH7,True,False
ALOX12,True,False
ALOX5AP,True,False
ALPK1,True,False
ALPL,True,False
ALPP,True,False
AMD1,True,False
AMDHD2,True,False
AMFR,True,False
AMT,True,False
AMY1A,True,False
AMY1C,True,False
ANAPC10,True,False
ANAPC13,True,False
ANAPC16,True,False
ANAPC4,True,False
ANAPC5,True,False
ANG,True,False
ANGEL2,True,False
ANKDD1A,True,False
ANKRA2,True,False
ANKRD10,True,False
ANKRD12,True,False
ANKRD13A,True,False
ANKRD22,True,False
ANKRD33,True,False
ANKRD46,True,False
ANKRD49,True,False
ANKRD55,True,False
ANKRD9,True,False
ANKS1A,True,False
ANO6,True,False
ANP32B,True,False
ANPEP,True,False
ANTXR2,True,False
ANXA1,True,False
ANXA11,True,False
ANXA2,True,False
ANXA2R,True,False
ANXA5,True,False
ANXA6,True,False
AOAH,True,False
AOC3,True,False
AP1G2,True,False
AP1M1,True,False
AP1S2,True,False
AP2A1,True,False
AP2M1,True,False
AP2S1,True,False
AP3B1,True,False
AP3D1,True,False
AP3M2,True,False
AP3S1,True,False
AP4B1,True,False
AP5B1,True,False
AP5S1,True,False
APAF1,True,False
APBA3,True,False
APBB1IP,True,False
APBB3,True,False
APEH,True,False
APEX1,True,False
APEX2,True,False
APH1B,True,False
API5,True,False
APIP,True,False
APLP2,True,False
APMAP,True,False
APOBEC3A,True,False
APOBEC3C,True,False
APOBEC3G,True,False
APOBEC3H,True,False
APOBR,True,False
APOD,True,False
APPL2,True,False
APRT,True,False
AQP10,True,False
AQP9,True,False
ARAF,True,False
ARAP3,True,False
ARCN1,True,False
ARF3,True,False
ARF5,True,False
ARFGAP2,True,False
ARG1,True,False
ARGLU1,True,False
ARHGAP1,True,False
ARHGAP15,True,False
ARHGAP19,True,False
ARHGAP21,True,False
ARHGAP26,True,False
ARHGAP30,True,False
ARHGAP33,True,False
ARHGAP4,True,False
ARHGAP45,True,False
ARHGAP9,True,False
ARHGDIA,True,False
ARHGDIB,True,False
ARHGEF18,True,False
ARHGEF2,True,False
ARHGEF3,True,False
ARHGEF40,True,False
ARHGEF6,True,False
ARID3A,True,False
ARID3B,True,False
ARID5B,True,False
ARIH2,True,False
ARL14EP,True,False
ARL16,True,False
ARL17A,True,False
ARL2,True,False
ARL2BP,True,False
ARL5A,True,False
ARL6IP1,True,False
ARL6IP5,True,False
ARL8B,True,False
ARMC1,True,False
ARPC1A,True,False
ARPC1B,True,False
ARPC3,True,False
ARPC4,True,False
ARPC5,True,False
ARPC5L,True,False
ARRB2,True,False
ARRDC5,True,False
ARSA,True,False
ARSG,True,False
ARV1,True,False
ASAP1,True,False
ASCC2,True,False
ASCL2,True,False
ASF1A,True,False
ASF1B,True,False
ASGR1,True,False
ASGR2,True,False
ASNSD1,True,False
ASPHD2,True,False
ASPRV1,True,False
ASPSCR1,True,False
ASTE1,True,False
ASXL2,True,False
ATF4,True,False
ATF5,True,False
ATF6,True,False
ATG101,True,False
ATG14,True,False
ATG16L2,True,False
ATG2A,True,False
ATG3,True,False
ATG4B,True,False
ATG4C,True,False
ATG7,True,False
ATG9A,True,False
ATIC,True,False
ATM,True,False
ATOX1,True,False
ATP11B,True,False
ATP13A1,True,False
ATP1A1,True,False
ATP1B3,True,False
ATP2B4,True,False
ATP6AP1,True,False
ATP6AP1L,True,False
ATP6AP2,True,False
ATP6V0A1,True,False
ATP6V0A2,True,False
ATP6V0B,True,False
ATP6V0D1,True,False
ATP6V0E1,True,False
ATP6V0E2,True,False
ATP6V1A,True,False
ATP6V1B2,True,False
ATP6V1C1,True,False
ATP6V1D,True,False
ATP6V1E1,True,False
ATP6V1F,True,False
ATP6V1G1,True,False
ATP8B4,True,False
ATRAID,True,False
ATXN1,True,False
ATXN10,True,False
ATXN2,True,False
ATXN7L3,True,False
ATXN7L3B,True,False
AURKAIP1,True,False
AUTS2,True,False
AXIN2,True,False
AZI2,True,False
AZU1,True,False
B2M,True,False
B3GALT4,True,False
B3GAT3,True,False
B3GNTL1,True,False
B4GALT3,True,False
B4GALT5,True,False
B4GALT7,True,False
B9D2,True,False
BABAM1,True,False
BAG3,True,False
BAG6,True,False
BAK1,True,False
BANF1,True,False
BANK1,True,True
BANP,True,False
BAP1,True,False
BARD1,True,False
BASP1,True,False
BATF,True,False
BATF2,True,False
BAZ1A,True,False
BAZ2B,True,False
BBOF1,True,False
BBS2,True,False
BBX,True,False
BCAP31,True,False
BCAS4,True,False
BCAT2,True,False
BCKDHA,True,False
BCKDK,True,False
BCL11A,True,False
BCL11B,True,False
BCL2L1,True,False
BCL2L13,True,False
BCL3,True,False
BCL6,True,False
BCL9L,True,False
BCLAF1,True,False
BDKRB1,True,False
BECN1,True,False
BEST1,True,False
BEX2,True,False
BFAR,True,False
BHLHE40,True,False
BIN1,True,False
BIN3,True,False
BIRC2,True,False
BIRC3,True,False
BLK,True,False
BLOC1S1,True,False
BLOC1S6,True,False
BLVRA,True,False
BLVRB,True,False
BLZF1,True,False
BMI1,True,False
BMS1,True,False
BNIP2,True,False
BNIP3,True,False
BNIP3L,True,False
BOD1,True,False
BOK,True,False
BOLA3,True,False
BOP1,True,False
BORCS7,True,False
BPGM,True,False
BPI,True,False
BRAT1,True,False
BRD2,True,False
BRD3,True,False
BRF2,True,False
BRI3,True,False
BRIX1,True,False
BRK1,True,False
BRMS1,True,False
BRPF1,True,False
BRSK1,True,False
BSCL2,True,False
BSDC1,True,False
BSG,True,False
BST1,True,False
BST2,True,False
BTAF1,True,False
BTBD10,True,False
BTBD6,True,False
BTF3,True,False
BTF3L4,True,False
BTG1,True,False
BTG2,True,False
BTK,True,False
BTLA,True,False
BTN2A1,True,False
BTN3A2,True,False
BTN3A3,True,False
BUB3,True,False
BUD31,True,False
BZW2,True,False
C11orf1,True,False
C11orf68,True,False
C12orf29,True,False
C12orf57,True,False
C14orf28,True,False
C15orf39,True,False
C16orf72,True,False
C17orf49,True,False
C17orf97,True,False
C18orf25,True,False
C19orf25,True,False
C19orf33,True,False
C19orf38,True,False
C19orf53,True,False
C1QB,True,False
C1QBP,True,False
C1RL,True,False
C1orf131,True,False
C1orf162,True,False
C1orf198,True,False
C1orf50,True,False
C1orf52,True,False
C20orf27,True,False
C2CD5,True,False
C2orf42,True,False
C2orf68,True,False
C2orf88,True,False
C3AR1,True,False
C3orf38,True,False
C3orf62,True,False
C4BPA,True,False
C4orf3,True,False
C5AR1,True,False
C5orf15,True,False
C5orf51,True,False
C6orf62,True,False
C7orf26,True,False
C7orf50,True,False
C8orf34,True,False
C8orf37,True,False
C8orf76,True,False
C9orf78,True,False
CA1,True,False
CA2,True,False
CA4,True,True
CA5B,True,False
CAB39,True,False
CABIN1,True,False
CABP5,True,False
CACNA2D3,True,False
CALCOCO1,True,False
CALCOCO2,True,False
CALHM1,True,False
CALM1,True,False
CALM2,True,False
CALM3,True,False
CALR,True,False
CAMK1,True,False
CAMK1D,True,False
CAMK1G,True,False
CAMK2G,True,False
CAMK2N1,True,False
CAMKK2,True,False
CAMLG,True,False
CAMP,True,False
CANT1,True,False
CANX,True,False
CAP1,True,False
CAPN1,True,False
CAPN15,True,False
CAPN3,True,False
CAPNS1,True,False
CAPZA2,True,False
CAPZB,True,False
CARD11,True,False
CARD19,True,False
CARD8,True,False
CARD9,True,False
CARHSP1,True,False
CARM1,True,False
CARMIL2,True,False
CARNS1,True,False
CARS2,True,False
CASC3,True,False
CASP1,True,False
CASP3,True,False
CASP4,True,False
CASP5,True,False
CAT,True,False
CBARP,True,False
CBFB,True,False
CBL,True,False
CBLB,True,False
CBR4,True,False
CBS,True,False
CBX1,True,False
CBX4,True,False
CBX6,True,False
CBX7,True,False
CCBE1,True,False
CCDC102A,True,False
CCDC115,True,False
CCDC12,True,False
CCDC130,True,False
CCDC14,True,False
CCDC149,True,False
CCDC167,True,False
CCDC174,True,False
CCDC28A,True,False
CCDC59,True,False
CCDC6,True,False
CCDC69,True,False
CCDC71,True,False
CCDC84,True,False
CCDC86,True,False
CCDC88B,True,False
CCDC90B,True,False
CCDC92,True,False
CCDC97,True,False
CCL23,True,False
CCL3L3,True,False
CCL5,True,False
CCND2,True,False
CCND3,True,False
CCNDBP1,True,False
CCNI,True,False
CCNJL,True,False
CCNY,True,False
CCP110,True,False
CCPG1,True,False
CCR1,True,False
CCR2,True,False
CCR3,True,False
CCR7,True,False
CCS,True,False
CCSER2,True,False
CCT2,True,False
CCT6A,True,False
CCT8,True,False
CCZ1B,True,False
CD14,True,False
CD151,True,False
CD160,True,True
CD163,True,False
CD19,True,True
CD1A,False,True
CD1B,False,True
CD1D,True,False
CD1E,False,True
CD2,True,False
CD22,True,True
CD226,True,False
CD24,True,False
CD244,True,False
CD247,True,False
CD27,True,False
CD28,False,True
CD2BP2,True,False
CD300A,True,False
CD300C,True,False
CD300LB,True,False
CD300LF,True,False
CD302,True,False
CD320,True,False
CD33,True,False
CD36,True,False
CD37,True,False
CD38,True,False
CD3D,True,True
CD3E,True,False
CD3G,True,True
CD4,True,False
CD40LG,True,False
CD44,True,False
CD47,True,False
CD48,True,False
CD5,True,True
CD52,True,False
CD53,True,False
CD55,True,False
CD58,True,False
CD6,True,True
CD68,True,False
CD69,True,False
CD7,True,False
CD72,True,False
CD74,True,False
CD79A,True,True
CD79B,True,False
CD81,True,False
CD82,True,False
CD8A,True,True
CD8B,False,True
CD93,True,False
CD96,True,False
CD99,True,False
CD99L2,True,False
CDA,True,False
CDAN1,True,False
CDC123,True,False
CDC16,True,False
CDC20,True,False
CDC23,True,False
CDC25B,True,False
CDC26,True,False
CDC34,True,False
CDC37,True,False
CDC40,True,False
CDC42EP2,True,False
CDC42EP4,True,False
CDC42SE1,True,False
CDC42SE2,True,False
CDC5L,True,False
CDCA7,True,False
CDH9,True,False
CDIPT,True,False
CDK11A,True,False
CDK12,True,False
CDK19,True,False
CDK2AP2,True,False
CDK4,True,False
CDK5RAP3,True,False
CDK6,True,False
CDK9,True,False
CDKN1A,True,False
CDKN1B,True,False
CDKN1C,True,False
CDKN2AIPNL,True,False
CDKN2D,True,False
CDR2,True,False
CDS2,True,False
CDV3,True,False
CEACAM1,True,False
CEACAM3,True,True
CEACAM4,True,False
CEACAM6,True,False
CEACAM8,True,False
CEBPA,True,False
CEBPB,True,False
CEBPD,True,False
CEBPE,True,False
CEBPG,True,False
CEBPZ,True,False
CENPB,True,False
CENPT,True,False
CENPV,True,False
CEP135,True,False
CEP19,True,False
CEP192,True,False
CEP350,True,False
CEP44,True,False
CEP95,True,False
CERS2,True,False
CERS5,True,False
CERS6,True,False
CES1,True,False
CES3,True,False
CETN2,True,False
CETN3,True,False
CFD,True,False
CFL1,True,False
CFLAR,True,False
CFP,True,False
CGRRF1,True,False
CHAMP1,True,False
CHCHD10,True,False
CHCHD2,True,False
CHCHD5,True,False
CHD1,True,False
CHD4,True,False
CHD7,True,False
CHD8,True,False
CHD9,True,False
CHFR,True,False
CHIC2,True,False
CHKB,True,False
CHMP1A,True,False
CHMP1B,True,False
CHMP2A,True,False
CHMP2B,True,False
CHMP4A,True,False
CHMP4B,True,False
CHMP5,True,False
CHP1,True,False
CHPF2,True,False
CHPT1,True,False
CHRNA2,True,False
CHRNA5,True,False
CHST12,True,False
CHST13,True,False
CHST15,True,False
CHST2,True,False
CHST7,True,False
CHSY1,True,False
CHTOP,True,False
CHUK,True,False
CHURC1,True,False
CIB1,True,False
CIC,True,False
CIDEB,True,False
CIR1,True,False
CIRBP,True,False
CISD1,True,False
CISD2,True,False
CISH,True,False
CITED2,True,False
CITED4,True,False
CKAP4,True,False
CKLF,True,False
CKS1B,True,False
CLC,True,False
CLCN7,True,False
CLDN15,True,False
CLDN5,True,False
CLDND1,True,False
CLDND2,True,False
CLEC10A,False,True
CLEC12A,True,False
CLEC16A,True,False
CLEC1B,True,False
CLEC2B,True,False
CLEC2D,True,False
CLEC4A,True,False
CLEC4E,True,False
CLEC7A,True,False
CLECL1,True,False
CLIC1,True,False
CLIC2,False,True
CLIC3,True,False
CLINT1,True,False
CLK1,True,False
CLK3,True,False
CLK4,True,False
CLN3,True,False
CLN5,True,False
CLNS1A,True,False
CLPP,True,False
CLPTM1,True,False
CLPTM1L,True,False
CLUH,True,False
CMAS,True,False
CMBL,True,False
CMC2,True,False
CMKLR1,True,False
CMPK1,True,False
CMPK2,True,False
CMTM2,True,False
CMTM5,True,False
CMTM6,True,False
CMTM7,True,False
CMTM8,True,False
CMTR2,True,False
CNBP,True,False
CNDP2,True,False
CNEP1R1,True,False
CNIH1,True,False
CNIH4,True,False
CNN2,True,False
CNNM3,True,False
CNOT11,True,False
CNOT2,True,False
CNOT3,True,False
CNOT8,True,False
CNPPD1,True,False
CNPY2,True,False
CNPY3,True,False
CNST,True,False
CNTNAP2,True,False
CNTRL,True,False
COA5,True,False
COASY,True,False
COBLL1,True,False
COIL,True,False
COL8A2,True,False
COL9A2,True,False
COLGALT1,True,False
COMMD1,True,False
COMMD10,True,False
COMMD2,True,False
COMMD3,True,False
COMMD4,True,False
COMMD6,True,False
COMMD7,True,False
COMMD8,True,False
COMMD9,True,False
COMTD1,True,False
COPA,True,False
COPB1,True,False
COPB2,True,False
COPE,True,False
COPG1,True,False
COPS3,True,False
COPS4,True,False
COPS5,True,False
COPS6,True,False
COPS7B,True,False
COPZ1,True,False
COQ10B,True,False
COQ2,True,False
COQ5,True,False
COQ8A,True,False
CORO1A,True,False
CORO1B,True,False
CORO1C,True,False
CORO7,True,False
COTL1,True,False
COX10,True,False
COX16,True,False
COX17,True,False
COX19,True,False
COX4I1,True,False
COX5A,True,False
COX5B,True,False
COX6A1,True,False
COX6B1,True,False
COX6C,True,False
COX7A2,True,False
COX7B,True,False
COX7C,True,False
COX8A,True,False
CPA3,True,False
CPD,True,False
CPEB4,True,False
CPNE3,True,False
CPPED1,True,False
CPQ,True,False
CPSF1,True,False
CPSF3,True,False
CPT1B,True,False
CPT2,True,False
CPVL,True,False
CR2,False,True
CRAT,True,False
CRBN,True,False
CRCP,True,False
CREB3,True,False
CREB3L2,True,False
CREB5,True,False
CREBBP,True,False
CREBRF,True,False
CREG1,True,False
CRELD2,True,False
CRHR1,True,False
CRIP1,True,False
CRIP2,True,False
CRIPT,True,False
CRISPLD2,True,False
CRK,True,False
CRKL,True,False
CRLF3,True,False
CRLS1,True,False
CRY2,True,False
CRYZ,True,False
CS,True,False
CSAD,True,False
CSE1L,True,False
CSF1R,True,True
CSF2RA,True,False
CSF2RB,True,False
CSF3R,True,False
CSGALNACT2,True,False
CSK,True,False
CSNK1D,True,False
CSNK1G2,True,False
CSNK1G3,True,False
CSNK2A2,True,False
CSNK2B,True,False
CSRNP1,True,False
CSRP1,True,False
CST3,True,False
CST7,True,False
CSTA,True,False
CSTB,True,False
CTBS,True,False
CTCF,True,False
CTDNEP1,True,False
CTDSP1,True,False
CTDSP2,True,False
CTDSPL,True,False
CTLA4,False,True
CTNNA1,True,False
CTNNBIP1,True,False
CTNNBL1,True,False
CTSA,True,False
CTSB,True,False
CTSC,True,False
CTSD,True,False
CTSG,True,False
CTSH,True,False
CTSO,True,False
CTSS,True,False
CTSW,True,False
CTSZ,True,False
CTTN,True,False
CUEDC1,True,False
CUEDC2,True,False
CUL2,True,False
CUL5,True,False
CUTA,True,False
CUTC,True,False
CWC15,True,False
CWC25,True,False
CWC27,True,False
CWF19L1,True,False
CWF19L2,True,False
CX3CR1,True,False
CXCL10,True,False
CXCL14,True,False
CXCL16,True,False
CXCL3,True,False
CXCL8,True,False
CXCR1,True,True
CXCR2,True,True
CXCR3,True,False
CXCR4,True,False
CXCR5,True,False
CXCR6,True,False
CXXC1,True,False
CXXC5,True,False
CXorf38,True,False
CYB561A3,True,False
CYB5B,True,False
CYB5R1,True,False
CYB5R3,True,False
CYB5R4,True,False
CYBA,True,False
CYBB,True,False
CYBRD1,True,False
CYC1,True,False
CYP1B1,True,False
CYP27A1,True,False
CYP2R1,True,False
CYP4F22,True,False
CYP4F3,True,True
CYP4V2,True,False
CYSLTR1,True,False
CYSTM1,True,False
CYTH1,True,False
CYTH4,True,False
CYTIP,True,False
D2HGDH,True,False
DAAM2,True,False
DAB2,True,False
DAD1,True,False
DAGLB,True,False
DAP,True,False
DAP3,True,False
DAPK1,True,False
DAPK2,True,False
DAPP1,True,False
DAXX,True,False
DAZAP2,True,False
DBI,True,False
DBN1,True,False
DBNDD2,True,False
DBNL,True,False
DCAF12,True,False
DCAF4L1,True,False
DCAF5,True,False
DCAF6,True,False
DCAF7,True,False
DCAKD,True,False
DCP1A,True,False
DCP2,True,False
DCTN4,True,False
DCTN5,True,False
DCTPP1,True,False
DCXR,True,False
DDA1,True,False
DDAH2,True,False
DDIT3,True,False
DDIT4,True,False
DDOST,True,False
DDRGK1,True,False
DDT,True,False
DDX1,True,False
DDX17,True,False
DDX18,True,False
DDX21,True,False
DDX23,True,False
DDX24,True,False
DDX27,True,False
DDX39A,True,False
DDX3X,True,False
DDX41,True,False
DDX46,True,False
DDX5,True,False
DDX50,True,False
DDX51,True,False
DDX55,True,False
DDX56,True,False
DDX58,True,False
DDX60,True,False
DECR1,True,False
DEDD2,True,False
DEF6,True,False
DEFA1,True,False
DEFA1B,True,False
DEFA3,True,False
DEFA4,True,False
DEGS1,True,False
DEK,True,False
DENND1B,True,False
DENND1C,True,False
DENND2D,True,False
DENND3,True,False
DENND4C,True,False
DENND5A,True,False
DENND5B,True,False
DENND6B,True,False
DENR,True,False
DERA,True,False
DERL1,True,False
DESI2,True,False
DEXI,True,False
DFFB,True,False
DGAT1,True,False
DGAT2,True,False
DGCR2,True,False
DGCR8,True,False
DGKQ,True,False
DHPS,True,False
DHRS1,True,False
DHRS13,True,False
DHRS3,True,False
DHRS4,True,False
DHRS4L2,True,False
DHRS7,True,False
DHX15,True,False
DHX16,True,False
DHX34,True,False
DHX58,True,False
DIAPH1,True,False
DIAPH2,True,False
DIMT1,True,False
DIP2B,True,False
DIS3L,True,False
DIS3L2,True,False
DKC1,True,False
DLD,True,False
DLG4,True,False
DMAP1,True,False
DMC1,True,False
DMTF1,True,False
DMTN,True,False
DMWD,True,False
DMXL2,True,False
DNA2,True,False
DNAH1,True,False
DNAJA1,True,False
DNAJA2,True,False
DNAJA3,True,False
DNAJA4,True,False
DNAJB1,True,False
DNAJB11,True,False
DNAJB2,True,False
DNAJB6,True,False
DNAJB9,True,False
DNAJC15,True,False
DNAJC24,True,False
DNAJC28,True,False
DNAJC30,True,False
DNAJC5,True,False
DNAJC7,True,False
DNAJC8,True,False
DNAJC9,True,False
DNASE2,True,False
DNLZ,True,False
DNM2,True,False
DNMT1,True,False
DNTTIP1,True,False
DOCK10,True,False
DOCK11,True,False
DOCK2,True,False
DOCK5,True,False
DOCK8,True,False
DOK3,True,False
DPCD,True,False
DPEP2,True,False
DPEP3,True,False
DPF2,True,False
DPH3,True,False
DPH5,True,False
DPM1,True,False
DPM2,True,False
DPM3,True,False
DPP7,True,False
DPP9,True,False
DPY19L1,True,False
DPY30,True,False
DPYD,True,False
DPYSL2,True,False
DPYSL5,True,False
DR1,True,False
DRAM1,True,False
DRAM2,True,False
DRAP1,True,False
DRG1,True,False
DRG2,True,False
DSC2,True,False
DSCAM,True,False
DSE,True,False
DSTYK,True,False
DTWD2,True,False
DUS2,True,False
DUS3L,True,False
DUSP1,True,False
DUSP12,True,False
DUSP19,True,False
DUSP2,True,False
DUSP23,True,False
DUSP28,True,False
DUSP3,True,False
DUSP5,True,False
DUSP6,True,False
DUSP8,True,False
DVL3,True,False
DYNC1H1,True,False
DYNC1I2,True,False
DYNC1LI2,True,False
DYNLL1,True,False
DYNLRB1,True,False
DYNLT1,True,False
DYNLT3,True,False
DYRK4,True,False
DYSF,True,False
E2F2,True,False
E2F3,True,False
E2F4,True,False
E2F5,True,False
E4F1,True,False
EBF1,True,False
EBLN2,True,False
EBNA1BP2,True,False
EBPL,True,False
ECH1,True,False
ECHDC2,True,False
ECHDC3,True,False
ECHS1,True,False
EDC4,True,False
EDEM1,True,False
EDEM2,True,False
EDF1,True,False
EDRF1,True,False
EEF1A1,True,False
EEF1B2,True,False
EEF1D,True,False
EEF1E1,True,False
EEF1G,True,False
EEF2,True,False
EFCAB14,True,False
EFHD2,True,False
EFR3A,True,False
EFTUD2,True,False
EGLN1,True,False
EGLN2,True,False
EGR1,True,False
EHD1,True,False
EHD4,True,False
EID2B,True,False
EIF1,True,False
EIF1AY,True,False
EIF1B,True,False
EIF2A,True,False
EIF2AK1,True,False
EIF2AK2,True,False
EIF2AK4,True,False
EIF2B1,True,False
EIF2B2,True,False
EIF2S3,True,False
EIF3A,True,False
EIF3B,True,False
EIF3D,True,False
EIF3E,True,False
EIF3F,True,False
EIF3G,True,False
EIF3H,True,False
EIF3I,True,False
EIF3K,True,False
EIF3L,True,False
EIF3M,True,False
EIF4A1,True,False
EIF4A2,True,False
EIF4A3,True,False
EIF4B,True,False
EIF4E2,True,False
EIF4E3,True,False
EIF4EBP2,True,False
EIF4G2,True,False
EIF4G3,True,False
EIF4H,True,False
EIF5A,True,False
EIF5B,True,False
ELANE,True,False
ELF1,True,False
ELF4,True,False
ELL,True,False
ELOF1,True,False
ELOVL5,True,False
ELP3,True,False
EMC4,True,False
EMC7,True,False
EMD,True,False
EMG1,True,False
EMILIN2,True,False
EML3,True,False
EML4,True,False
EMP3,True,False
ENC1,True,False
ENDOD1,True,False
ENG,True,False
ENO1,True,False
ENO2,True,False
ENOPH1,True,False
ENOSF1,True,False
ENPP4,True,False
ENSA,True,False
ENTPD1,True,False
ENTPD4,True,False
ENY2,True,False
EOMES,True,True
EP300,True,False
EP400,True,False
EPB41,True,False
EPB41L3,True,False
EPB42,True,False
EPC1,True,False
EPHA1,True,False
EPHB1,True,False
EPHB4,True,False
EPHB6,True,False
EPHX2,True,False
EPN1,True,False
EPOR,True,False
EPS15,True,False
EPS15L1,True,False
EPSTI1,True,False
ERAL1,True,False
ERAP2,True,False
ERCC5,True,False
ERF,True,False
ERGIC1,True,False
ERGIC3,True,False
ERH,True,False
ERICH1,True,False
ERLEC1,True,False
ERO1A,True,False
ERP27,True,False
ERV3-1,True,False
ESAM,True,False
ESPN,True,False
ESYT1,True,False
ESYT2,True,False
ETFA,True,False
ETFB,True,False
ETS1,True,False
ETS2,True,False
ETV6,True,False
EVI2A,True,False
EVI2B,True,False
EVI5,True,False
EVL,True,False
EXO5,True,False
EXOC3,True,False
EXOG,True,False
EXOSC10,True,False
EXOSC3,True,False
EXOSC6,True,False
EXOSC7,True,False
EXOSC8,True,False
EXTL3,True,False
EZR,True,False
F13A1,True,False
F2RL1,True,False
F5,True,False
F8A1,True,False
FAAP100,True,False
FADD,True,False
FAF2,True,False
FAH,True,False
FAM102A,True,False
FAM104A,True,False
FAM107B,True,False
FAM110A,True,False
FAM111A,True,False
FAM117A,True,False
FAM117B,True,False
FAM118A,True,False
FAM120A,True,False
FAM120B,True,False
FAM122B,True,False
FAM126B,True,False
FAM133B,True,False
FAM13B,True,False
FAM160A2,True,False
FAM160B1,True,False
FAM170B,True,False
FAM171A1,True,False
FAM172A,True,False
FAM174A,True,False
FAM193A,True,False
FAM20B,True,False
FAM210B,True,False
FAM214A,True,False
FAM214B,True,False
FAM217B,True,False
FAM222B,True,False
FAM234A,True,False
FAM3A,True,False
FAM43A,True,False
FAM50A,True,False
FAM53B,True,False
FAM53C,True,False
FAM76B,True,False
FAM83F,True,False
FAM89B,True,False
FAM8A1,True,False
FAM98A,True,False
FANCG,True,False
FAR1,True,False
FAR2,True,False
FARS2,True,False
FASN,True,False
FAU,True,False
FAXDC2,True,False
FBL,True,False
FBN2,True,False
FBP1,True,False
FBRSL1,True,False
FBXL13,True,False
FBXL15,True,False
FBXL16,True,False
FBXL5,True,False
FBXL7,True,False
FBXO11,True,False
FBXO31,True,False
FBXO33,True,False
FBXO42,True,False
FBXO6,True,False
FBXO7,True,False
FBXW4,True,False
FBXW5,True,False
FBXW9,True,False
FCAR,True,False
FCER1A,True,False
FCER1G,True,False
FCER2,True,False
FCGBP,True,False
FCGR1A,True,False
FCGR2A,True,False
FCGR3A,True,False
FCGR3B,True,True
FCGRT,True,False
FCHO1,True,False
FCHSD2,True,False
FCMR,True,False
FCN1,True,False
FCRL2,True,True
FCRL3,True,False
FCRL5,True,False
FCRL6,True,False
FCRLA,True,False
FDFT1,True,False
FECH,True,False
FEM1A,True,False
FEM1C,True,False
FERMT3,True,False
FES,True,False
FEZ2,True,False
FFAR2,True,False
FGD2,True,False
FGD3,True,False
FGF23,True,False
FGFBP2,True,True
FGL2,True,False
FGR,True,False
FH,True,False
FHL3,True,False
FHOD1,True,False
FIBCD1,True,False
FIBP,True,False
FICD,True,False
FIG4,True,False
FIS1,True,False
FKBP11,True,False
FKBP14,True,False
FKBP15,True,False
FKBP1A,True,False
FKBP5,True,False
FKBP8,True,False
FKTN,True,False
FLII,True,False
FLNA,True,False
FLNB,True,False
FLOT1,True,False
FLOT2,True,False
FLT3LG,True,True
FMC1,True,False
FMNL1,True,False
FN3KRP,True,False
FNBP1,True,False
FNBP4,True,False
FNTA,True,False
FNTB,True,False
FOLR3,True,False
FOS,True,False
FOSB,True,False
FOXJ2,True,False
FOXJ3,True,False
FOXN2,True,False
FOXO1,True,False
FOXO3,True,False
FOXO4,True,False
FPR1,True,False
FPR2,True,False
FPR3,False,True
FRAT1,True,False
FRAT2,True,False
FRG1,True,False
FRMD3,True,False
FSCN1,True,False
FTH1,True,False
FUBP3,True,False
FUCA1,True,False
FURIN,True,False
FUT7,True,False
FXR2,True,False
FXYD5,True,False
FYN,True,False
FZD2,True,False
FZD7,True,False
G3BP2,True,False
G6PC3,True,False
G6PD,True,False
GAA,True,False
GAB2,True,False
GABARAP,True,False
GABARAPL1,True,False
GABARAPL2,True,False
GABPB2,True,False
GADD45A,True,False
GADD45B,True,False
GAL3ST4,True,False
GALC,True,False
GALK1,True,False
GALM,True,False
GALNT11,True,False
GALNT3,True,False
GALNT4,True,False
GAPDH,True,False
GAPT,True,False
GAPVD1,True,False
GATA1,True,False
GATA2,True,False
GATAD2A,True,False
GATAD2B,True,False
GBA,True,False
GBF1,True,False
GBGT1,True,False
GBP1,True,False
GBP2,True,False
GBP4,True,False
GBP5,True,False
GCA,True,False
GCAT,True,False
GCC1,True,False
GCHFR,True,False
GCN1,True,False
GDE1,True,False
GDI1,True,False
GDI2,True,False
GDPD5,True,False
GEMIN4,True,False
GEMIN6,True,False
GFI1,True,False
GFI1B,True,False
GFM1,True,False
GFOD1,True,False
GFOD2,True,False
GFRA2,True,False
GFRA4,True,False
GGA2,True,False
GGNBP2,True,False
GGPS1,True,False
GHDC,True,False
GHITM,True,False
GHRL,True,False
GID8,True,False
GIMAP1,True,False
GIMAP2,True,False
GIMAP4,True,False
GIMAP5,True,False
GIMAP7,True,False
GIMAP8,True,False
GJC2,True,False
GK,True,False
GK5,True,False
GLA,True,False
GLG1,True,False
GLIPR1,True,False
GLIPR2,True,False
GLMP,True,False
GLO1,True,False
GLOD4,True,False
GLRX,True,False
GLRX5,True,False
GLS,True,False
GLTP,True,False
GLUD1,True,False
GLYR1,True,False
GM2A,True,False
GMCL1,True,False
GMDS,True,False
GMEB2,True,False
GMFB,True,False
GMFG,True,False
GMIP,True,False
GMPPA,True,False
GMPR,True,False
GMPR2,True,False
GNA12,True,False
GNA13,True,False
GNA15,True,False
GNAI2,True,False
GNAI3,True,False
GNAQ,True,False
GNB1,True,False
GNB2,True,False
GNE,True,False
GNG10,True,False
GNG11,True,False
GNG2,True,False
GNG5,True,False
GNG7,True,False
GNGT2,True,False
GNL1,True,False
GNL2,True,False
GNL3,True,False
GNL3L,True,False
GNLY,True,True
GNPAT,True,False
GNPDA1,True,False
GNPTG,True,False
GNS,True,False
GOLGA3,True,False
GOLGA5,True,False
GOLGA8A,True,False
GOLGA8B,True,False
GOLGB1,True,False
GOLPH3,True,False
GORASP1,True,False
GORASP2,True,False
GOT2,True,False
GP1BA,True,False
GP9,True,False
GPA33,True,False
GPAA1,True,False
GPAT3,True,False
GPBAR1,True,False
GPBP1,True,False
GPCPD1,True,False
GPD1L,True,False
GPI,True,False
GPN1,True,False
GPR1,True,False
GPR108,True,False
GPR132,True,False
GPR137,True,False
GPR137B,True,False
GPR146,True,False
GPR160,True,False
GPR162,True,False
GPR18,True,False
GPR183,True,False
GPR65,True,False
GPR68,True,False
GPS2,True,False
GPSM3,True,False
GPX1,True,False
GPX3,True,False
GPX4,True,False
GPX7,True,False
GRAMD1A,True,False
GRAMD4,True,False
GRAP2,True,False
GRB2,True,False
GRINA,True,False
GRK6,True,False
GRN,True,False
GRPEL2,True,False
GRSF1,True,False
GRWD1,True,False
GSDMB,True,False
GSDMD,True,False
GSE1,True,False
GSK3B,True,False
GSKIP,True,False
GSN,True,False
GSPT1,True,False
GSTK1,True,False
GSTM1,True,False
GSTM2,True,False
GSTO1,True,False
GSTP1,True,False
GTF2A2,True,False
GTF2B,True,False
GTF2E1,True,False
GTF2E2,True,False
GTF2F1,True,False
GTF2F2,True,False
GTF2H4,True,False
GTF2H5,True,False
GTF3A,True,False
GTF3C1,True,False
GTF3C2,True,False
GTF3C3,True,False
GTF3C5,True,False
GTF3C6,True,False
GTPBP4,True,False
GTPBP6,True,False
GUCD1,True,False
GUK1,True,False
GUSB,True,False
GYG1,True,False
GYPB,True,False
GYPC,True,False
GYPE,True,False
GZMA,True,False
GZMB,True,False
GZMH,True,False
GZMK,True,False
GZMM,True,False
HACD2,True,False
HACD4,True,False
HACL1,True,False
HADH,True,False
HADHB,True,False
HAGH,True,False
HAL,True,True
HAPLN3,True,False
HARS2,True,False
HAUS2,True,False
HAUS4,True,False
HAUS7,True,False
HAVCR2,True,False
HBB,True,False
HBD,True,False
HBE1,True,False
HBG1,True,False
HBG2,True,False
HBM,True,False
HBP1,True,False
HBQ1,True,False
HBZ,True,False
HCAR2,True,False
HCAR3,True,False
HCFC1,True,False
HCK,True,False
HCLS1,True,False
HCST,True,False
HDAC1,True,False
HDAC2,True,False
HDAC4,True,False
HDAC6,True,False
HDC,True,False
HDDC2,True,False
HDDC3,True,False
HDGF,True,False
HEATR1,True,False
HEBP1,True,False
HEBP2,True,False
HECA,True,False
HECTD1,True,False
HELQ,True,False
HELZ,True,False
HELZ2,True,False
HEMGN,True,False
HENMT1,True,False
HERC1,True,False
HERC3,True,False
HERC5,True,False
HERC6,True,False
HES4,True,False
HEXB,True,False
HGS,True,False
HHEX,True,False
HIBADH,True,False
HIBCH,True,False
HIGD1A,True,False
HIGD2A,True,False
HILPDA,True,False
HINT1,True,False
HINT2,True,False
HIP1,True,False
HK3,True,False
HLA-A,True,False
HLA-B,True,False
HLA-C,True,False
HLA-DMA,True,False
HLA-DMB,True,False
HLA-DOA,True,False
HLA-DOB,True,False
HLA-DPA1,True,False
HLA-DPB1,True,False
HLA-DQB1,True,False
HLA-DRA,True,False
HLA-DRB1,True,False
HLA-DRB5,True,False
HLA-E,True,False
HLA-F,True,False
HLA-G,True,False
HLX,True,False
HMBS,True,False
HMG20B,True,False
HMGB2,True,False
HMGCR,True,False
HMGCS1,True,False
HMGN1,True,False
HMGN2,True,False
HMGN4,True,False
HMOX1,True,False
HNRNPA0,True,False
HNRNPA2B1,True,False
HNRNPAB,True,False
HNRNPC,True,False
HNRNPD,True,False
HNRNPDL,True,False
HNRNPH3,True,False
HNRNPK,True,False
HNRNPL,True,False
HNRNPR,True,False
HNRNPU,True,False
HNRNPUL1,True,False
HNRNPUL2,True,False
HOPX,True,False
HOXB2,True,False
HOXD3,True,False
HPRT1,True,False
HPS1,True,False
HPS6,True,False
HPSE,True,False
HRK,True,False
HS1BP3,True,False
HSBP1,True,False
HSD17B11,True,False
HSD17B12,True,False
HSD17B4,True,False
HSD17B7,True,False
HSD17B8,True,False
HSDL2,True,False
HSH2D,True,False
HSP90AA1,True,False
HSP90AB1,True,False
HSP90B1,True,False
HSPA14,True,False
HSPA1A,True,False
HSPA1B,True,False
HSPA1L,True,False
HSPA6,True,False
HSPA8,True,False
HSPA9,True,False
HSPB1,True,False
HSPB11,True,False
HSPBAP1,True,False
HSPD1,True,False
HSPE1,True,False
HSPH1,True,False
HTATIP2,True,False
HVCN1,True,False
HYPK,True,False
IAH1,True,False
IARS2,True,False
IBTK,True,False
ICAM1,True,False
ICAM2,True,False
ICAM3,True,False
ICOS,True,True
ID2,True,False
ID3,True,False
IDH1,True,False
IDH2,True,False
IDH3B,True,False
IDH3G,True,False
IDUA,True,False
IER2,True,False
IER3,True,False
IER5,True,False
IFFO1,True,False
IFI16,True,False
IFI27,True,False
IFI30,True,False
IFI35,True,False
IFI44,True,False
IFI44L,True,False
IFI6,True,False
IFIH1,True,False
IFIT1,True,False
IFIT1B,True,False
IFIT2,True,False
IFIT3,True,False
IFIT5,True,False
IFITM1,True,False
IFITM2,True,False
IFITM3,True,False
IFNAR1,True,False
IFNGR1,True,False
IFNGR2,True,False
IFRD1,True,False
IFRD2,True,False
IGBP1,True,False
IGF2BP2,True,False
IGF2R,True,False
IGFBP7,True,False
IGFLR1,True,False
IGHMBP2,True,False
IGKC,False,True
IGLL1,True,False
IGSF6,True,False
IK,True,False
IKBKE,True,False
IKBKG,True,False
IKZF1,True,False
IL10,True,False
IL10RA,True,False
IL10RB,True,False
IL13RA1,True,False
IL16,True,False
IL17RA,True,False
IL17RD,True,False
IL18,True,False
IL18R1,True,False
IL18RAP,True,False
IL1B,True,False
IL1R2,True,False
IL1RN,True,False
IL27RA,True,False
IL2RB,True,False
IL2RG,True,False
IL32,True,False
IL4R,True,False
IL6R,True,False
IL6ST,True,False
IL7R,True,False
ILF2,True,False
IMMT,True,False
IMP3,True,False
IMP4,True,False
IMPA1,True,False
IMPA2,True,False
IMPDH2,True,False
INAFM1,True,False
INPP5E,True,False
INPPL1,True,False
INSIG2,True,False
INTS1,True,False
INTS10,True,False
INTS3,True,False
INTS5,True,False
INTS8,True,False
IP6K1,True,False
IPCEF1,True,False
IPO11,True,False
IPO8,True,False
IPO9,True,False
IQGAP1,True,False
IQGAP2,True,False
IQSEC1,True,False
IRAK1,True,False
IRAK3,True,False
IRF1,True,False
IRF2BPL,True,False
IRF3,True,False
IRF5,True,False
IRF7,True,False
IRF8,True,False
IRF9,True,False
IRS2,True,False
IRX1,True,False
IRX3,True,False
ISCA1,True,False
ISCU,True,False
ISG15,True,False
ISG20,True,False
ISLR,True,False
IST1,True,False
ITFG1,True,False
ITFG2,True,False
ITGA2B,True,False
ITGA4,True,False
ITGA5,True,False
ITGAE,True,False
ITGAL,True,False
ITGAM,True,False
ITGAX,True,False
ITGB1,True,False
ITGB2,True,False
ITGB3,True,False
ITGB7,True,False
ITIH4,True,False
ITK,True,False
ITLN1,True,False
ITM2A,True,False
ITM2C,True,False
ITPK1,True,False
ITPKB,True,False
ITPR1,True,False
ITPR3,True,False
ITPRIP,True,False
ITPRIPL2,True,False
IVD,True,False
IVNS1ABP,True,False
JADE2,True,False
JAK1,True,False
JAK2,True,False
JAM3,True,False
JAML,True,False
JARID2,True,False
JAZF1,True,False
JCHAIN,True,False
JDP2,True,False
JKAMP,True,False
JMJD1C,True,False
JMJD7-PLA2G4B,True,False
JMJD8,True,False
JOSD1,True,False
JTB,True,False
JUN,True,False
JUNB,True,False
JUND,True,False
JUP,True,False
KANSL1,True,False
KANSL2,True,False
KAT2A,True,False
KAT6A,True,False
KAT8,True,False
KATNA1,True,False
KATNB1,True,False
KBTBD11,True,False
KBTBD2,True,False
KBTBD7,True,False
KCNJ15,True,True
KCNJ2,True,False
KCNMB1,True,False
KCTD10,True,False
KCTD12,True,False
KCTD13,True,False
KCTD2,True,False
KCTD20,True,False
KCTD21,True,False
KDELR1,True,False
KDELR2,True,False
KDM3A,True,False
KDM3B,True,False
KDM5D,True,False
KDM6A,True,False
KDM6B,True,False
KEL,True,False
KHDRBS1,True,False
KHNYN,True,False
KHSRP,True,False
KIAA0040,True,False
KIAA0319L,True,False
KIAA0513,True,False
KIAA2013,True,False
KIDINS220,True,False
KIF13B,True,False
KIF20B,True,False
KIF2A,True,False
KIFAP3,True,False
KIFC2,True,False
KIR2DL1,True,True
KIR2DL3,False,True
KIR2DL4,True,True
KIR3DL1,True,True
KIR3DL2,True,False
KIR3DL3,True,False
KLC3,True,False
KLF1,True,False
KLF13,True,False
KLF2,True,False
KLF6,True,False
KLF9,True,False
KLHDC2,True,False
KLHDC3,True,False
KLHDC4,True,False
KLHDC8B,True,False
KLHL2,True,False
KLHL21,True,False
KLHL22,True,False
KLHL24,True,False
KLHL28,True,False
KLHL3,True,False
KLHL42,True,False
KLHL8,True,False
KLHL9,True,False
KLRB1,True,False
KLRC3,False,True
KLRC4,False,True
KLRD1,True,True
KLRF1,True,False
KLRG1,True,False
KMT2A,True,False
KMT2B,True,False
KPNA1,True,False
KPNA3,True,False
KPNA4,True,False
KPNA6,True,False
KPNB1,True,False
KRBA1,True,False
KRCC1,True,False
KRT1,True,False
KRT10,True,False
KRT23,True,False
KRT72,True,False
KRT73,True,False
KRTCAP2,True,False
KTN1,True,False
KXD1,True,False
KYNU,True,True
L3MBTL2,True,False
LAG3,True,False
LAGE3,True,False
LAIR2,True,False
LAMA5,True,False
LAMP1,True,False
LAMP2,True,False
LAMTOR1,True,False
LAMTOR2,True,False
LAMTOR3,True,False
LAMTOR4,True,False
LANCL1,True,False
LAP3,True,False
LAPTM5,True,False
LARP7,True,False
LASP1,True,False
LAT2,True,False
LAX1,True,False
LBHD1,True,False
LCN2,True,False
LCOR,True,False
LCP1,True,False
LCP2,True,False
LDHA,True,False
LDHB,True,False
LDLR,True,False
LDLRAP1,True,False
LDOC1,True,False
LEF1,True,False
LEMD3,True,False
LEP,True,False
LEPROT,True,False
LEPROTL1,True,False
LGALS1,True,False
LGALS12,True,False
LGALS2,True,False
LGALS3,True,False
LGALS3BP,True,False
LGALS9,True,False
LHFPL1,True,False
LHFPL2,True,False
LHPP,True,False
LILRA2,True,False
LILRA5,True,False
LILRB1,True,False
LILRB3,True,False
LIME1,True,False
LIMK2,True,False
LIPA,True,False
LIPT1,True,False
LITAF,True,False
LLGL1,True,False
LLPH,True,False
LMBRD1,True,False
LMF2,True,False
LMNA,True,False
LMNB1,True,False
LMNB2,True,False
LMO2,True,False
LMO4,True,False
LMOD3,True,False
LONP1,True,False
LPAR2,True,False
LPAR5,True,False
LPAR6,True,False
LPCAT1,True,False
LPCAT2,True,False
LPCAT3,True,False
LPIN1,True,False
LPP,True,False
LPXN,True,False
LRCH4,True,False
LRFN3,True,False
LRG1,True,False
LRP10,True,False
LRP3,True,False
LRP5L,True,False
LRPPRC,True,False
LRRC25,True,False
LRRC6,True,False
LRRFIP1,True,False
LRRK2,True,False
LRRN3,True,False
LRWD1,True,False
LSM1,True,False
LSM10,True,False
LSM14A,True,False
LSM2,True,False
LSM3,True,False
LSM4,True,False
LSM5,True,False
LSM7,True,False
LSMEM1,True,False
LST1,True,False
LTA,True,False
LTA4H,True,False
LTB,True,False
LTB4R,True,False
LTBR,True,False
LTF,True,False
LTV1,True,False
LUC7L3,True,False
LUZP1,True,False
LXN,True,False
LY6E,True,False
LY6G6F,True,False
LY86,True,False
LY96,True,False
LYAR,True,False
LYL1,True,False
LYN,True,False
LYPD2,True,False
LYPLA2,True,False
LYPLAL1,True,False
LYRM1,True,False
LYRM2,True,False
LYSMD2,True,False
LYST,True,False
LYZ,True,False
LZTR1,True,False
M6PR,True,False
MAD2L2,True,False
MADD,True,False
MAEA,True,False
MAF1,True,False
MAFB,True,False
MAGEL2,True,False
MAGOH,True,False
MAGT1,True,False
MAK,True,False
MAL,True,True
MALSU1,True,False
MAN1B1,True,False
MAN1C1,True,False
MAN2A2,True,False
MAN2B1,True,False
MAN2B2,True,False
MAN2C1,True,False
MANBA,True,False
MANF,True,False
MANSC1,True,False
MAOA,True,False
MAP1LC3B,True,False
MAP1S,True,False
MAP2K1,True,False
MAP2K2,True,False
MAP2K3,True,False
MAP2K4,True,False
MAP3K1,True,False
MAP3K11,True,False
MAP3K5,True,False
MAP3K7,True,False
MAP3K7CL,True,False
MAP3K8,True,False
MAP4K1,True,False
MAP4K2,True,False
MAP4K4,True,False
MAP7D1,True,False
MAPK1,True,False
MAPK1IP1L,True,False
MAPK3,True,False
MAPK6,True,False
MAPK8IP1,True,False
MAPKAPK3,True,False
MAPRE1,True,False
MAPRE2,True,False
MARCKS,True,False
MARCKSL1,True,False
MARCO,True,False
MARK2,True,False
MARK4,True,False
MAST3,True,False
MAT2A,True,False
MAT2B,True,False
MATK,True,False
MATR3,True,False
MAU2,True,False
MBD4,True,False
MBD6,True,False
MBNL1,True,False
MBNL2,True,False
MBNL3,True,False
MBOAT2,True,False
MBOAT7,True,False
MBP,True,False
MBTD1,True,False
MC1R,True,False
MCCC1,True,False
MCEE,True,False
MCEMP1,True,False
MCL1,True,False
MCM3,True,False
MCM3AP,True,False
MCM5,True,False
MCM6,True,False
MCM8,True,False
MCMDC2,True,False
MCOLN1,True,False
MCOLN2,True,False
MCRIP1,True,False
MCTP2,True,False
MCUB,True,False
MDC1,True,False
MDFI,True,False
MDH1,True,False
MDH2,True,False
MDM4,True,False
ME2,True,False
MED1,True,False
MED10,True,False
MED12,True,False
MED16,True,False
MED19,True,False
MED20,True,False
MED25,True,False
MED28,True,False
MED30,True,False
MED4,True,False
MED6,True,False
MED7,True,False
MEF2C,True,False
MEF2D,True,False
MEFV,True,False
MEGF10,True,False
MEGF9,True,True
MEPCE,True,False
METAP1,True,False
METAP2,True,False
METTL16,True,False
METTL21A,True,False
METTL22,True,False
METTL25,True,False
METTL3,True,False
METTL5,True,False
METTL7A,True,False
MEX3C,True,False
MFGE8,True,False
MFHAS1,True,False
MFN2,True,False
MFNG,True,False
MFSD1,True,False
MFSD10,True,False
MFSD11,True,False
MFSD3,True,False
MFSD5,True,False
MFSD6,True,False
MGAM,True,False
MGAT1,True,False
MGAT4A,True,False
MGME1,True,False
MGMT,True,False
MGRN1,True,False
MGST2,True,False
MGST3,True,False
MIB2,True,False
MICAL1,True,False
MICAL2,True,False
MICALCL,True,False
MICB,True,False
MICU1,True,False
MICU2,True,False
MID1IP1,True,False
MIDN,True,False
MIF,True,False
MIF4GD,True,False
MIGA1,True,False
MIGA2,True,False
MILR1,True,False
MIOS,True,False
MIS12,True,False
MIS18BP1,True,False
MITD1,True,False
MKLN1,True,False
MKNK1,True,False
MKNK2,True,False
MKRN1,True,False
MKRN2,True,False
MLEC,True,False
MLF2,True,False
MLKL,True,False
MLLT6,True,False
MMADHC,True,False
MMD,True,False
MMP25,True,False
MMP9,True,False
MMS19,True,False
MNDA,True,False
MNT,True,False
MOB2,True,False
MOB3A,True,False
MOGS,True,False
MON1B,True,False
MON2,True,False
MORC2,True,False
MORF4L1,True,False
MORF4L2,True,False
MOSPD2,True,False
MOSPD3,True,False
MOV10,True,False
MPC1,True,False
MPC2,True,False
MPEG1,True,False
MPHOSPH8,True,False
MPL,True,False
MPO,True,False
MPP1,True,False
MPPE1,True,False
MPV17,True,False
MPZL1,True,False
MR1,True,False
MRFAP1,True,False
MRFAP1L1,True,False
MRPL12,True,False
MRPL13,True,False
MRPL14,True,False
MRPL15,True,False
MRPL17,True,False
MRPL18,True,False
MRPL20,True,False
MRPL21,True,False
MRPL22,True,False
MRPL23,True,False
MRPL3,True,False
MRPL32,True,False
MRPL33,True,False
MRPL34,True,False
MRPL36,True,False
MRPL37,True,False
MRPL38,True,False
MRPL41,True,False
MRPL46,True,False
MRPL50,True,False
MRPL51,True,False
MRPL52,True,False
MRPL53,True,False
MRPL54,True,False
MRPL57,True,False
MRPL58,True,False
MRPS10,True,False
MRPS15,True,False
MRPS17,True,False
MRPS18C,True,False
MRPS2,True,False
MRPS21,True,False
MRPS22,True,False
MRPS23,True,False
MRPS24,True,False
MRPS28,True,False
MRPS30,True,False
MRPS31,True,False
MRPS33,True,False
MRPS35,True,False
MRPS6,True,False
MRPS9,True,False
MS4A1,False,True
MS4A2,True,False
MS4A3,True,False
MS4A6A,True,False
MS4A7,True,False
MSANTD4,True,False
MSH6,True,False
MSLN,True,False
MSN,True,False
MSRA,True,False
MSRB1,True,False
MSRB2,True,False
MT1A,True,False
MT1E,True,False
MT1F,True,False
MT1X,True,False
MT2A,True,False
MTA2,True,False
MTAP,True,False
MTCH1,True,False
MTDH,True,False
MTERF3,True,False
MTF1,True,False
MTF2,True,False
MTHFR,True,False
MTHFS,True,False
MTIF2,True,False
MTIF3,True,False
MTMR11,True,False
MTMR3,True,False
MTMR4,True,False
MTMR6,True,False
MTMR9,True,False
MTO1,True,False
MTOR,True,False
MTPN,True,False
MTSS1,True,False
MTURN,True,False
MTX1,True,False
MTX3,True,False
MUC6,True,False
MVB12A,True,False
MVP,True,False
MX1,True,False
MX2,True,False
MXD1,True,False
MXD3,True,False
MXD4,True,False
MYADM,True,False
MYB,True,False
MYBPC3,True,False
MYBPH,True,False
MYC,True,False
MYCBP2,True,False
MYD88,True,False
MYDGF,True,False
MYH4,True,False
MYH9,True,False
MYL12A,True,False
MYL12B,True,False
MYL4,True,False
MYL6,True,False
MYL9,True,False
MYLIP,True,False
MYO1F,True,False
MYO1G,True,False
MYO5A,True,False
MYO9B,True,False
MYOF,True,False
MYOM2,True,False
MYPOP,True,False
MZB1,True,False
N4BP1,True,False
N4BP2,True,False
N4BP2L2,True,False
NAA10,True,False
NAA20,True,False
NAA38,True,False
NAAA,True,False
NAB1,True,False
NABP1,True,False
NACA,True,False
NACC2,True,False
NADK,True,False
NADSYN1,True,False
NAGK,True,False
NAGPA,True,False
NAIF1,True,False
NAMPT,True,False
NAP1L1,True,False
NAP1L4,True,False
NAPA,True,False
NAPB,True,False
NAPRT,True,False
NAPSA,True,False
NARF,True,False
NAT10,True,False
NAT8B,True,False
NAXD,True,False
NAXE,True,False
NBEAL2,True,False
NBPF9,True,False
NCALD,True,False
NCAN,True,False
NCAPD2,True,False
NCF1,True,False
NCF2,True,False
NCF4,True,False
NCK1,True,False
NCK2,True,False
NCKAP1L,True,False
NCKAP5L,True,False
NCL,True,False
NCOA1,True,False
NCOA4,True,False
NCOA5,True,False
NCOA6,True,False
NCOA7,True,False
NCOR1,True,False
NCOR2,True,False
NCR1,False,True
NCR3,True,False
NCSTN,True,False
NDE1,True,False
NDEL1,True,False
NDRG1,True,False
NDST1,True,False
NDST2,True,False
NDUFA1,True,False
NDUFA11,True,False
NDUFA12,True,False
NDUFA13,True,False
NDUFA3,True,False
NDUFA4,True,False
NDUFA7,True,False
NDUFA8,True,False
NDUFA9,True,False
NDUFAB1,True,False
NDUFAF2,True,False
NDUFB10,True,False
NDUFB11,True,False
NDUFB2,True,False
NDUFB3,True,False
NDUFB5,True,False
NDUFB6,True,False
NDUFB7,True,False
NDUFB8,True,False
NDUFS3,True,False
NDUFS4,True,False
NDUFS5,True,False
NDUFS7,True,False
NDUFS8,True,False
NDUFV1,True,False
NDUFV2,True,False
NECAB2,True,False
NECAP1,True,False
NECAP2,True,False
NECTIN2,True,False
NEDD8,True,False
NEIL2,True,False
NEK8,True,False
NELFCD,True,False
NELL2,True,False
NEMF,True,False
NENF,True,False
NEO1,True,False
NEU1,True,False
NFAT5,True,False
NFE2,True,False
NFE2L2,True,False
NFIL3,True,False
NFIX,True,False
NFKB1,True,False
NFKB2,True,False
NFKBIA,True,False
NFKBIZ,True,False
NFS1,True,False
NFU1,True,False
NFXL1,True,False
NFYC,True,False
NGDN,True,False
NGLY1,True,False
NICN1,True,False
NIF3L1,True,False
NIFK,True,False
NINJ1,True,False
NINJ2,True,False
NIP7,True,False
NIPAL3,True,False
NISCH,True,False
NKG7,True,False
NKRF,True,False
NKTR,True,False
NKX3-1,True,False
NLRC4,True,False
NLRC5,True,False
NLRP12,True,False
NLRP2,True,False
NLRP3,True,False
NLRP8,True,False
NLRX1,True,False
NME1-NME2,True,False
NME3,True,False
NME4,True,False
NME8,True,False
NMI,True,False
NMRAL1,True,False
NMRK1,True,False
NOA1,True,False
NOC3L,True,False
NOD2,True,False
NOL10,True,False
NOL11,True,False
NOL12,True,False
NOL7,True,False
NOL8,True,False
NOP10,True,False
NOP14,True,False
NOP56,True,False
NOP58,True,False
NOSIP,True,False
NOTCH1,True,False
NOTCH2,True,False
NPAT,True,False
NPC1,True,False
NPC2,True,False
NPEPL1,True,False
NPHP3,True,False
NPIPA1,True,False
NPL,True,False
NPLOC4,True,False
NPM3,True,False
NPRL2,True,False
NPRL3,True,False
NPTN,True,False
NQO2,True,False
NR1D1,True,False
NR1H2,True,False
NRBP2,True,False
NRDC,True,False
NRDE2,True,False
NRGN,True,False
NRIP1,True,False
NRK,True,False
NRROS,True,False
NSA2,True,False
NSFL1C,True,False
NSG1,True,False
NSMAF,True,False
NSMCE1,True,False
NSMCE4A,True,False
NSUN2,True,False
NSUN3,True,False
NSUN7,True,False
NT5C,True,False
NT5C2,True,False
NT5C3A,True,False
NT5M,True,False
NTPCR,True,False
NUAK2,True,False
NUBPL,True,False
NUCB1,True,False
NUCB2,True,False
NUCKS1,True,False
NUDC,True,False
NUDCD3,True,False
NUDT14,True,False
NUDT15,True,False
NUDT16,True,False
NUDT16L1,True,False
NUDT18,True,False
NUDT2,True,False
NUDT3,True,False
NUFIP2,True,False
NUMA1,True,False
NUMB,True,False
NUP107,True,False
NUP153,True,False
NUP160,True,False
NUP205,True,False
NUP210,True,False
NUP214,True,False
NUP37,True,False
NUP54,True,False
NUP85,True,False
NUP88,True,False
NUP93,True,False
NXF1,True,False
NXPH2,True,False
NXT1,True,False
OAF,True,False
OARD1,True,False
OAS1,True,False
OAS2,True,False
OAS3,True,False
OASL,True,False
OAT,True,False
OCEL1,True,False
OCIAD1,True,False
OCIAD2,True,False
ODC1,True,False
OFD1,True,False
OGFR,True,False
OGFRL1,True,False
OGT,True,False
OLFM4,True,False
OLIG1,True,False
OLIG2,True,False
OLR1,True,False
OPA1,True,False
OPLAH,True,False
OPTN,True,False
OR2AG1,True,False
OR2W3,True,False
OR2W5,True,False
OR7G2,True,False
ORAI1,True,False
ORC6,True,False
ORM1,True,False
ORMDL1,True,False
ORMDL3,True,False
OS9,True,False
OSBP,True,False
OSBP2,True,False
OSBPL10,True,False
OSBPL11,True,False
OSBPL2,True,False
OSBPL5,True,False
OSBPL8,True,False
OSCAR,True,False
OSER1,True,False
OSGIN2,True,False
OSM,True,False
OSTC,True,False
OSTF1,True,False
OSTM1,True,False
OXA1L,True,False
OXNAD1,True,False
OXR1,True,False
OXSR1,True,False
P2RX1,True,False
P2RX4,True,False
P2RX7,True,False
P2RY11,True,False
P2RY13,True,False
P2RY8,True,False
P4HB,True,False
PA2G4,True,False
PABPC1,True,False
PABPC4,True,False
PABPN1,True,False
PACS1,True,False
PACSIN2,True,False
PADI4,True,False
PAF1,True,False
PAFAH1B1,True,False
PAFAH1B3,True,False
PAFAH2,True,False
PAICS,True,False
PAIP2,True,False
PAK1,True,False
PAK2,True,False
PAM,True,False
PAM16,True,False
PAN3,True,False
PANX2,True,False
PAPOLA,True,False
PAPSS1,True,False
PAQR8,True,False
PARK7,True,False
PARL,True,False
PARP1,True,False
PARP10,True,False
PARP12,True,False
PARP14,True,False
PARP4,True,False
PARP9,True,False
PARVB,True,False
PARVG,True,False
PASK,True,False
PATL1,True,False
PAX5,False,True
PBDC1,True,False
PBX1,True,False
PBX2,True,False
PBX3,True,False
PBX4,False,True
PBXIP1,True,False
PCBP1,True,False
PCBP2,True,False
PCCB,True,False
PCDHB9,True,False
PCED1B,True,False
PCF11,True,False
PCID2,True,False
PCIF1,True,False
PCM1,True,False
PCMT1,True,False
PCMTD1,True,False
PCMTD2,True,False
PCNP,True,False
PCNT,True,False
PCNX3,True,False
PCSK1N,True,False
PCSK5,True,False
PCSK7,True,False
PCTP,True,False
PCYOX1,True,False
PDCD10,True,False
PDCD2,True,False
PDCD4,True,False
PDCD5,True,False
PDCD6,True,False
PDCD6IP,True,False
PDE3B,True,False
PDGFRB,True,False
PDHB,True,False
PDIA6,True,False
PDK3,True,False
PDK4,True,False
PDLIM1,True,False
PDLIM7,True,False
PDSS2,True,False
PDXK,True,False
PDXP,True,False
PDZD4,True,False
PDZD8,True,False
PDZK1IP1,True,False
PEA15,True,False
PEBP1,True,False
PECAM1,True,False
PEF1,True,False
PELI1,True,False
PELI2,True,False
PELO,True,False
PELP1,True,False
PEPD,True,False
PEX11B,True,False
PEX5,True,False
PEX6,True,False
PF4V1,True,False
PFDN1,True,False
PFDN5,True,False
PFKFB3,True,False
PFKFB4,True,False
PFN1,True,False
PGAM1,True,False
PGAM4,True,False
PGAP3,True,False
PGD,True,False
PGGHG,True,False
PGK1,True,False
PGLS,True,False
PGLYRP1,True,False
PGM1,True,False
PGM2,True,False
PGM5,True,False
PGRMC1,True,False
PGRMC2,True,False
PGS1,True,False
PHACTR2,True,False
PHB2,True,False
PHC2,True,False
PHF11,True,False
PHF21A,True,False
PHF23,True,False
PHF5A,True,False
PHGDH,True,False
PHIP,True,False
PHKA2,True,False
PHKG2,True,False
PHLDB1,True,False
PHOSPHO1,True,False
PHPT1,True,False
PI16,True,False
PI3,True,False
PI4K2B,True,False
PI4KB,True,False
PIAS1,True,False
PIAS4,True,False
PICALM,True,False
PID1,True,False
PIEZO1,True,False
PIGB,True,False
PIGM,True,False
PIGQ,True,False
PIGS,True,False
PIGT,True,False
PIGY,True,False
PIK3AP1,True,False
PIK3C2B,True,False
PIK3CD,True,False
PIK3CG,True,False
PIK3IP1,True,False
PIK3R2,True,False
PILRA,True,False
PIM1,True,False
PIM2,True,False
PIN1,True,False
PINK1,True,False
PIP4K2A,True,False
PIP5K1C,True,False
PISD,True,False
PITHD1,True,False
PITPNM1,True,False
PITPNM2,True,False
PITRM1,True,False
PJA2,True,False
PKM,True,False
PKN2,True,False
PLA2G2D,True,False
PLA2G4C,True,False
PLA2G7,True,True
PLAC8,True,False
PLAGL2,True,False
PLAUR,True,False
PLBD1,True,False
PLBD2,True,False
PLCB2,True,False
PLCD1,True,False
PLCG1,True,False
PLCG2,True,False
PLCH2,True,False
PLCL2,True,False
PLCXD1,True,False
PLEK,True,False
PLEK2,True,False
PLEKHA1,True,False
PLEKHB1,True,False
PLEKHB2,True,False
PLEKHF1,True,False
PLEKHM2,True,False
PLEKHO1,True,False
PLEKHO2,True,False
PLGLB1,True,False
PLGRKT,True,False
PLIN2,True,False
PLIN3,True,False
PLK3,True,False
PLOD1,True,False
PLOD3,True,False
PLP2,True,False
PLPPR2,True,False
PLRG1,True,False
PLSCR1,True,False
PLSCR3,True,False
PLVAP,True,False
PLXDC2,True,False
PLXNA3,True,False
PLXNB2,True,False
PLXNC1,True,False
PLXND1,True,False
PMPCA,True,False
PMPCB,True,False
PNISR,True,False
PNKP,True,False
PNMA3,True,False
PNN,True,False
PNOC,True,False
PNP,True,False
PNPLA2,True,False
PNPLA6,True,False
PNPLA7,True,False
PNPO,True,False
PNPT1,True,False
PNRC2,True,False
POC1B,True,False
POC5,True,False
POGK,True,False
POGLUT1,True,False
POLB,True,False
POLD4,True,False
POLE3,True,False
POLE4,True,False
POLG,True,False
POLL,True,False
POLM,True,False
POLR1D,True,False
POLR2A,True,False
POLR2B,True,False
POLR2F,True,False
POLR2G,True,False
POLR2H,True,False
POLR2I,True,False
POLR2J,True,False
POLR2J3,True,False
POLR3GL,True,False
POLRMT,True,False
POMGNT1,True,False
POMP,True,False
POP7,True,False
POR,True,False
POU2AF1,True,False
POU2F2,True,False
PPA1,True,False
PPA2,True,False
PPBP,True,False
PPCS,True,False
PPDPF,True,False
PPFIBP2,True,False
PPIAL4A,True,False
PPIAL4C,True,False
PPIG,True,False
PPIH,True,False
PPM1B,True,False
PPM1D,True,False
PPM1F,True,False
PPM1M,True,False
PPOX,True,False
PPP1CA,True,False
PPP1CB,True,False
PPP1CC,True,False
PPP1R10,True,False
PPP1R11,True,False
PPP1R12A,True,False
PPP1R14B,True,False
PPP1R15A,True,False
PPP1R16B,True,False
PPP1R18,True,False
PPP1R2,True,False
PPP1R21,True,False
PPP1R3D,True,False
PPP1R7,True,False
PPP2CA,True,False
PPP2R1A,True,False
PPP2R3C,True,False
PPP2R5A,True,False
PPP2R5B,True,False
PPP2R5E,True,False
PPP3CB,True,False
PPP3CC,True,False
PPP3R1,True,False
PPP4R1,True,False
PPP4R3B,True,False
PPP6C,True,False
PPP6R1,True,False
PPP6R3,True,False
PPRC1,True,False
PPT1,True,False
PPTC7,True,False
PPWD1,True,False
PRAM1,True,False
PRCP,True,False
PRDM8,True,False
PRDM9,True,False
PRDX1,True,False
PRDX3,True,False
PRDX4,True,False
PRDX5,True,False
PRDX6,True,False
PRELID1,True,False
PRELID3B,True,False
PREP,True,False
PREX1,True,False
PRF1,True,False
PRICKLE1,True,False
PRICKLE4,True,False
PRKAA1,True,False
PRKAR1A,True,False
PRKCA,True,False
PRKCB,True,False
PRKCD,True,False
PRKCH,True,False
PRKCQ,True,False
PRKCSH,True,False
PRKD2,True,False
PRKRA,True,False
PRMT1,True,False
PRMT2,True,False
PRMT3,True,False
PRNP,True,False
PROK2,True,False
PROS1,True,False
PRPF19,True,False
PRPF3,True,False
PRPF31,True,False
PRPF4,True,False
PRPF4B,True,False
PRPF8,True,False
PRPS1,True,False
PRPSAP1,True,False
PRR14,True,False
PRR14L,True,False
PRR15L,True,False
PRR5,True,False
PRR5L,True,False
PRRC1,True,False
PRRC2A,True,False
PRRC2C,True,False
PRSS23,True,False
PRSS33,True,False
PRSS57,True,False
PRTN3,True,False
PSAP,True,False
PSD4,True,False
PSIP1,True,False
PSMA2,True,False
PSMA3,True,False
PSMA4,True,False
PSMA5,True,False
PSMA6,True,False
PSMB1,True,False
PSMB10,True,False
PSMB2,True,False
PSMB3,True,False
PSMB4,True,False
PSMB6,True,False
PSMB7,True,False
PSMB9,True,False
PSMC2,True,False
PSMC3,True,False
PSMC4,True,False
PSMC5,True,False
PSMC6,True,False
PSMD1,True,False
PSMD12,True,False
PSMD14,True,False
PSMD2,True,False
PSMD4,True,False
PSMD6,True,False
PSMD7,True,False
PSME2,True,False
PSME3,True,False
PSME4,True,False
PSMG2,True,False
PSORS1C1,True,False
PSTPIP1,True,False
PSTPIP2,True,False
PTAFR,True,False
PTBP1,True,False
PTBP3,True,False
PTCD1,True,False
PTCRA,True,False
PTDSS1,True,False
PTEN,True,False
PTGDR,True,True
PTGDR2,True,False
PTGDS,True,False
PTGER2,True,False
PTGER4,True,False
PTGES2,True,False
PTGES3,True,False
PTGS1,True,False
PTGS2,True,False
PTMA,True,False
PTMS,True,False
PTOV1,True,False
PTP4A3,True,False
PTPN1,True,False
PTPN11,True,False
PTPN12,True,False
PTPN4,True,False
PTPRC,True,False
PTPRCAP,True,False
PTPRE,True,False
PTRH2,True,False
PTTG1,True,False
PTTG1IP,True,False
PUDP,True,False
PUF60,True,False
PUM1,True,False
PUM2,True,False
PUM3,True,False
PURB,True,False
PVALB,True,False
PVRIG,True,False
PWP1,True,False
PXN,True,False
PYCARD,True,False
PYCR2,True,False
PYGB,True,False
PYGL,True,False
PYHIN1,True,False
PYROXD2,True,False
QDPR,True,False
QPCT,True,False
QSOX2,True,False
R3HDM4,True,False
RAB10,True,False
RAB11A,True,False
RAB11FIP1,True,False
RAB11FIP2,True,False
RAB11FIP3,True,False
RAB11FIP5,True,False
RAB1B,True,False
RAB21,True,False
RAB22A,True,False
RAB24,True,False
RAB29,True,False
RAB2B,True,False
RAB31,True,False
RAB32,True,False
RAB33B,True,False
RAB34,True,False
RAB35,True,False
RAB3GAP1,True,False
RAB3IL1,True,False
RAB3IP,True,False
RAB40C,True,False
RAB4B,True,False
RAB5A,True,False
RAB5B,True,False
RAB5C,True,False
RAB7A,True,False
RAB8A,True,False
RAB8B,True,False
RAB9A,True,False
RABAC1,True,False
RABEP1,True,False
RABEPK,True,False
RABGAP1,True,False
RAC2,True,False
RACK1,True,False
RAD21,True,False
RAD23A,True,False
RAD9A,True,False
RAF1,True,False
RALA,True,False
RALB,True,False
RALBP1,True,False
RALGAPA1,True,False
RALGDS,True,False
RALY,True,False
RAMP2,True,False
RAN,True,False
RANBP1,True,False
RANBP10,True,False
RANGAP1,True,False
RAP1GAP,True,False
RAP2A,True,False
RAP2C,True,False
RAPGEF6,True,False
RARS2,True,False
RASA2,True,False
RASAL3,True,False
RASGRP1,True,False
RASGRP2,True,False
RASGRP3,True,False
RASGRP4,True,False
RASSF2,True,False
RASSF4,False,True
RASSF7,True,False
RAVER1,True,False
RAX2,True,False
RB1CC1,True,False
RBBP7,True,False
RBCK1,True,False
RBL2,True,False
RBM12B,True,False
RBM14,True,False
RBM15,True,False
RBM17,True,False
RBM22,True,False
RBM23,True,False
RBM25,True,False
RBM26,True,False
RBM34,True,False
RBM38,True,False
RBM39,True,False
RBM42,True,False
RBM47,True,False
RBM5,True,False
RBM6,True,False
RBMX,True,False
RBP7,True,False
RBPMS2,True,False
RBSN,True,False
RBX1,True,False
RCBTB2,True,False
RCC2,True,False
RCN1,True,False
RCN3,True,False
RCOR3,True,False
RCSD1,True,False
RDH13,True,False
RDH14,True,False
RDH5,True,False
REC8,True,False
REEP5,True,False
RELA,True,False
RELB,True,False
REM2,True,False
RENBP,True,False
REPS2,True,False
RERE,True,False
RETN,True,False
REXO1,True,False
REXO2,True,False
RFTN1,True,False
RFX1,True,False
RFX2,True,False
RGCC,True,False
RGL2,True,False
RGL4,True,False
RGMA,True,False
RGPD1,True,False
RGS10,True,False
RGS14,True,False
RGS18,True,False
RGS19,True,False
RGS2,True,False
RHBDD2,True,False
RHBDF2,True,False
RHBDL2,True,False
RHD,True,False
RHEB,True,False
RHOA,True,False
RHOB,True,False
RHOBTB3,True,False
RHOC,True,False
RHOG,True,False
RHOQ,True,False
RHOT2,True,False
RIC8A,True,False
RILP,True,False
RILPL1,True,False
RILPL2,True,False
RIN2,True,False
RIN3,True,False
RING1,True,False
RINL,True,False
RIOK2,True,False
RIOK3,True,False
RIPK1,True,False
RIPK2,True,False
RIT1,True,False
RMDN3,True,False
RNASE2,True,False
RNASE3,True,False
RNASE6,True,False
RNASEH1,True,False
RNASEH2B,True,False
RNASEK,True,False
RNASEL,True,False
RNASET2,True,False
RNF10,True,False
RNF103,True,False
RNF11,True,False
RNF114,True,False
RNF115,True,False
RNF123,True,False
RNF125,True,False
RNF13,True,False
RNF130,True,False
RNF138,True,False
RNF14,True,False
RNF141,True,False
RNF144A,True,False
RNF144B,True,False
RNF145,True,False
RNF149,True,False
RNF165,True,False
RNF166,True,False
RNF167,True,False
RNF181,True,False
RNF187,True,False
RNF19B,True,False
RNF20,True,False
RNF220,True,False
RNF24,True,False
RNF31,True,False
RNF40,True,False
RNF44,True,False
RNF7,True,False
RNGTT,True,False
RNH1,True,False
RNMT,True,False
RNPEP,True,False
ROGDI,True,False
ROM1,True,False
ROMO1,True,False
ROPN1B,True,False
ROPN1L,True,False
RP2,True,False
RPA1,True,False
RPA2,True,False
RPA3,True,False
RPAIN,True,False
RPAP2,True,False
RPF1,True,False
RPF2,True,False
RPGRIP1,True,False
RPIA,True,False
RPL10A,True,False
RPL11,True,False
RPL12,True,False
RPL13,True,False
RPL13A,True,False
RPL14,True,False
RPL15,True,False
RPL17,True,False
RPL18,True,False
RPL18A,True,False
RPL19,True,False
RPL21,True,False
RPL22,True,False
RPL23,True,False
RPL23A,True,False
RPL24,True,False
RPL26,True,False
RPL26L1,True,False
RPL27,True,False
RPL27A,True,False
RPL3,True,False
RPL30,True,False
RPL31,True,False
RPL34,True,False
RPL35,True,False
RPL35A,True,False
RPL36,True,False
RPL36AL,True,False
RPL37A,True,False
RPL39,True,False
RPL3L,True,False
RPL4,True,False
RPL41,True,False
RPL5,True,False
RPL6,True,False
RPL7,True,False
RPL7A,True,False
RPL7L1,True,False
RPL9,True,False
RPLP0,True,False
RPLP1,True,False
RPLP2,True,False
RPN1,True,False
RPP21,True,False
RPRD1A,True,False
RPS10,True,False
RPS11,True,False
RPS12,True,False
RPS13,True,False
RPS14,True,False
RPS15,True,False
RPS15A,True,False
RPS16,True,False
RPS17,True,False
RPS18,True,False
RPS19,True,False
RPS19BP1,True,False
RPS2,True,False
RPS20,True,False
RPS21,True,False
RPS23,True,False
RPS24,True,False
RPS25,True,False
RPS26,True,False
RPS27,True,False
RPS27A,True,False
RPS27L,True,False
RPS28,True,False
RPS29,True,False
RPS3,True,False
RPS3A,True,False
RPS4X,True,False
RPS4Y1,True,False
RPS4Y2,True,False
RPS5,True,False
RPS6,True,False
RPS6KA4,True,False
RPS6KA5,True,False
RPS6KB1,True,False
RPS6KB2,True,False
RPS9,True,False
RPSA,True,False
RPUSD1,True,False
RPUSD2,True,False
RPUSD3,True,False
RPUSD4,True,False
RRAGA,True,False
RRAGC,True,False
RRAGD,True,False
RRAS,True,False
RRM1,True,False
RRP12,True,False
RRP36,True,False
RSAD2,True,False
RSBN1,True,False
RSBN1L,True,False
RSL1D1,True,False
RSL24D1,True,False
RSPO2,True,False
RSPRY1,True,False
RSRC2,True,False
RSRP1,True,False
RTCB,True,False
RTF1,True,False
RTN1,True,False
RTN2,True,False
RTP4,True,False
RTP5,True,False
RUNDC1,True,False
RUNDC3A,True,False
RUNX3,True,False
RUSC1,True,False
RUVBL2,True,False
RWDD1,True,False
RWDD4,True,False
RXRA,True,False
RXRB,True,False
RYBP,True,False
S100A10,True,False
S100A11,True,False
S100A12,True,False
S100A4,True,False
S100A6,True,False
S100A8,True,False
S100A9,True,False
S100P,True,False
S1PR1,True,False
S1PR4,True,False
S1PR5,True,False
SAC3D1,True,False
SACM1L,True,False
SAE1,True,False
SAFB,True,False
SAFB2,True,False
SAMD14,True,False
SAMD3,True,False
SAMD4B,True,False
SAMD9,True,False
SAMD9L,True,False
SAMM50,True,False
SAP130,True,False
SAP30,True,False
SAR1A,True,False
SARAF,True,False
SARM1,True,False
SARNP,True,False
SARS2,True,False
SASH3,True,False
SAT1,True,False
SAT2,True,False
SBF1,True,False
SBK1,True,False
SBNO2,True,False
SC5D,True,False
SCAF4,True,False
SCAMP1,True,False
SCAND1,True,False
SCAP,True,False
SCARB2,True,False
SCGB1C1,True,False
SCGB1C2,True,False
SCGB3A1,True,False
SCIMP,True,False
SCLT1,True,False
SCNM1,True,False
SCO1,True,False
SCO2,True,False
SCPEP1,True,False
SCRN1,True,False
SCYL1,True,False
SCYL2,True,False
SDAD1,True,False
SDCBP,True,False
SDE2,True,False
SDF2,True,False
SDF2L1,True,False
SDHA,True,False
SDHB,True,False
SDHD,True,False
SEC11A,True,False
SEC11C,True,False
SEC14L1,True,False
SEC16A,True,False
SEC22B,True,False
SEC23B,True,False
SEC23IP,True,False
SEC61A1,True,False
SEC61B,True,False
SEC61G,True,False
SEC62,True,False
SECISBP2L,True,False
SEL1L3,True,False
SELENBP1,True,False
SELL,True,False
SELPLG,True,False
SEMA3E,True,False
SEMA4A,True,False
SEMA4B,True,False
SEMA4D,True,False
SEMA6B,True,False
SENP7,True,False
SERBP1,True,False
SERF2,True,False
SERINC1,True,False
SERP1,True,False
SERPINA1,True,False
SERPINB1,True,False
SERPINE2,True,False
SERPING1,True,False
SERTAD1,True,False
SERTAD2,True,False
SESN1,True,False
SESN3,True,False
SESTD1,True,False
SET,True,False
SETBP1,True,False
SETD1A,True,False
SETD2,True,False
SETDB1,True,False
SETX,True,False
SF1,True,False
SF3A2,True,False
SF3A3,True,False
SF3B2,True,False
SF3B3,True,False
SF3B4,True,False
SF3B5,True,False
SF3B6,True,False
SFMBT2,True,False
SFT2D1,True,False
SFXN5,True,False
SGK1,True,False
SGSH,True,False
SGSM2,True,False
SH2B2,True,False
SH2B3,True,False
SH2D1A,True,False
SH2D1B,True,True
SH2D3C,True,False
SH2D5,True,False
SH3BGRL,True,False
SH3BGRL2,True,False
SH3BGRL3,True,False
SH3BP1,True,False
SH3BP5L,True,False
SH3GLB1,True,False
SH3GLB2,True,False
SH3KBP1,True,False
SH3PXD2A,True,False
SH3TC1,True,False
SHARPIN,True,False
SHCBP1,True,False
SHISA5,True,False
SHKBP1,True,False
SHMT2,True,False
SHOC2,True,False
SHROOM4,True,False
SHTN1,True,False
SIAH2,True,False
SIDT2,True,False
SIGIRR,True,False
SIGLEC10,True,False
SIGLEC5,True,False
SIK3,True,False
SIN3A,True,False
SIN3B,True,False
SIPA1,True,False
SIPA1L2,True,False
SIPA1L3,True,False
SIRPA,True,False
SIRPB1,True,False
SIRPG,True,True
SIRT1,True,False
SIRT7,True,False
SIVA1,True,False
SKAP1,True,False
SKAP2,True,False
SKI,True,False
SKIV2L,True,False
SKP1,True,False
SLA,True,False
SLAMF1,True,False
SLAMF6,True,False
SLC10A3,True,False
SLC11A1,True,False
SLC11A2,True,False
SLC12A9,True,False
SLC14A1,True,False
SLC15A3,True,False
SLC15A4,True,False
SLC16A3,True,False
SLC16A5,True,False
SLC18B1,True,False
SLC19A1,True,False
SLC1A5,True,False
SLC20A1,True,False
SLC22A15,True,False
SLC22A18,True,False
SLC22A18AS,True,False
SLC22A4,True,False
SLC25A1,True,False
SLC25A19,True,False
SLC25A20,True,False
SLC25A23,True,False
SLC25A28,True,False
SLC25A29,True,False
SLC25A36,True,False
SLC25A37,True,True
SLC25A38,True,False
SLC25A39,True,False
SLC25A44,True,False
SLC25A46,True,False
SLC25A5,True,False
SLC25A51,True,False
SLC26A8,True,False
SLC27A1,True,False
SLC27A3,True,False
SLC27A4,True,False
SLC2A1,True,False
SLC2A3,True,False
SLC2A5,True,False
SLC2A6,True,False
SLC2A8,True,False
SLC30A3,True,False
SLC30A7,True,False
SLC30A9,True,False
SLC31A1,True,False
SLC31A2,True,False
SLC35A1,True,False
SLC35A4,True,False
SLC35A5,True,False
SLC35B1,True,False
SLC35B2,True,False
SLC35B3,True,False
SLC35C1,True,False
SLC35E1,True,False
SLC35E3,True,False
SLC36A1,True,False
SLC38A1,True,False
SLC38A2,True,False
SLC38A5,True,False
SLC39A1,True,False
SLC40A1,True,False
SLC43A2,True,False
SLC44A1,True,False
SLC44A2,True,False
SLC44A4,True,False
SLC45A3,True,False
SLC45A4,True,False
SLC46A3,True,False
SLC48A1,True,False
SLC4A1,True,False
SLC4A5,True,False
SLC4A7,True,False
SLC52A2,True,False
SLC5A6,True,False
SLC5A8,True,False
SLC6A6,True,False
SLC6A8,True,False
SLC7A1,True,False
SLC7A5,True,False
SLC8A2,True,False
SLC8B1,True,False
SLC9A1,True,False
SLC9A3R1,True,False
SLC9A8,True,False
SLF2,True,False
SLFN11,True,False
SLFN13,True,False
SLFN5,True,False
SLIRP,True,False
SLK,True,False
SLMAP,True,False
SLPI,True,False
SLTM,True,False
SLU7,True,False
SLX1A,True,False
SLX1B,True,False
SMAD3,True,False
SMAD4,True,False
SMAP2,True,False
SMARCA2,True,False
SMARCA4,True,False
SMARCAL1,True,False
SMARCC1,True,False
SMARCC2,True,False
SMARCE1,True,False
SMCHD1,True,False
SMCO4,True,False
SMG1,True,False
SMG5,True,False
SMIM14,True,False
SMIM19,True,False
SMIM24,True,False
SMNDC1,True,False
SMOX,True,False
SMPD4,True,False
SMPDL3A,True,False
SMS,True,False
SNAP23,True,False
SNAP29,True,False
SNAPC2,True,False
SNAPC4,True,False
SNCA,True,False
SND1,True,False
SNN,True,False
SNRK,True,False
SNRNP25,True,False
SNRNP27,True,False
SNRNP40,True,False
SNRNP70,True,False
SNRPA,True,False
SNRPA1,True,False
SNRPB,True,False
SNRPB2,True,False
SNRPD2,True,False
SNRPF,True,False
SNRPG,True,False
SNRPN,True,False
SNTB1,True,False
SNTB2,True,False
SNURF,True,False
SNX10,True,False
SNX17,True,False
SNX2,True,False
SNX27,True,False
SNX3,True,False
SOD1,True,False
SOD2,True,False
SORL1,True,False
SORT1,True,False
SOS1,True,False
SOX12,True,False
SP1,True,False
SP110,True,False
SP2,True,False
SP3,True,False
SP4,True,False
SPAG7,True,False
SPAG9,True,False
SPAST,True,False
SPATA13,True,False
SPATA20,True,False
SPATA2L,True,False
SPATS2L,True,False
SPCS1,True,False
SPECC1L,True,False
SPEN,True,False
SPG11,True,False
SPHK2,True,False
SPI1,True,False
SPIB,True,False
SPICE1,True,False
SPINT2,True,False
SPNS1,True,False
SPNS3,True,False
SPOCK2,True,False
SPON2,True,False
SPOUT1,True,False
SPPL2A,True,False
SPRYD3,True,False
SPSB2,True,False
SPSB3,True,False
SPTAN1,True,False
SPTLC2,True,False
SPTSSA,True,False
SQSTM1,True,False
SRBD1,True,False
SREBF2,True,False
SRF,True,False
SRGN,True,False
SRM,True,False
SRP14,True,False
SRP19,True,False
SRP54,True,False
SRP68,True,False
SRP72,True,False
SRP9,True,False
SRPK1,True,False
SRPRA,True,False
SRPRB,True,False
SRRD,True,False
SRRM1,True,False
SRRM2,True,False
SRRT,True,False
SRSF1,True,False
SRSF2,True,False
SRSF3,True,False
SRSF4,True,False
SRSF5,True,False
SRSF6,True,False
SRSF7,True,False
SRSF8,True,False
SRSF9,True,False
SRXN1,True,False
SS18L2,True,False
SSB,True,False
SSBP1,True,False
SSBP3,True,False
SSH1,True,False
SSH2,True,False
SSH3,True,False
SSR1,True,False
SSR4,True,False
SSTR2,True,False
SSU72,True,False
ST13,True,False
ST3GAL1,True,False
ST3GAL2,True,False
ST3GAL4,True,False
ST3GAL6,True,False
ST6GALNAC2,True,False
ST6GALNAC4,True,False
ST6GALNAC6,True,False
ST8SIA4,True,False
STAB1,True,False
STAM,True,False
STAMBPL1,True,False
STARD10,True,False
STARD3NL,True,False
STAT1,True,False
STAT2,True,False
STAT3,True,False
STAT4,True,False
STAT5A,True,False
STAT5B,True,False
STAT6,True,False
STEAP4,True,True
STIM1,True,False
STIP1,True,False
STK10,True,False
STK11,True,False
STK11IP,True,False
STK17B,True,False
STK26,True,False
STK3,True,False
STK38,True,False
STK39,True,False
STK4,True,False
STK40,True,False
STOM,True,False
STOML2,True,False
STRADB,True,False
STRAP,True,False
STRIP2,True,False
STRN3,True,False
STT3A,True,False
STT3B,True,False
STUB1,True,False
STX10,True,False
STX11,True,False
STX3,True,False
STX4,True,False
STX6,True,False
STX8,True,False
STXBP2,True,False
STXBP3,True,False
STXBP5,True,False
STYX,True,False
STYXL1,True,False
SUB1,True,False
SUCLG1,True,False
SUCLG2,True,False
SULF2,True,False
SUMF2,True,False
SUMO2,True,False
SUMO3,True,False
SUN1,True,False
SUN2,True,False
SUPT16H,True,False
SUPT4H1,True,False
SUPT5H,True,False
SUPT6H,True,False
SURF4,True,False
SURF6,True,False
SUSD1,True,False
SUSD3,True,False
SUSD6,True,False
SUV39H1,True,False
SUV39H2,True,False
SUZ12,True,False
SVBP,True,False
SWAP70,True,False
SWSAP1,True,False
SYAP1,True,False
SYF2,True,False
SYK,True,False
SYMPK,True,False
SYNJ2BP,True,False
SYT11,True,False
SYTL1,True,False
SYTL2,True,False
SYTL3,True,False
SZRD1,True,False
TACC1,True,False
TACC3,True,False
TAF10,True,False
TAF12,True,False
TAF15,True,False
TAF2,True,False
TAF4,True,False
TAF7,True,False
TAGAP,True,False
TAGLN,True,False
TAGLN2,True,False
TALDO1,True,False
TAMM41,True,False
TANGO2,True,False
TAOK1,True,False
TAP1,True,False
TAP2,True,False
TAPBPL,True,False
TARDBP,True,False
TATDN2,True,False
TAX1BP1,True,False
TAX1BP3,True,False
TAZ,True,False
TBC1D10B,True,False
TBC1D10C,True,False
TBC1D14,True,False
TBC1D15,True,False
TBC1D16,True,False
TBC1D17,True,False
TBC1D2,True,False
TBC1D22B,True,False
TBC1D2B,True,False
TBC1D4,True,False
TBC1D9,True,False
TBCA,True,False
TBCB,True,False
TBCD,True,False
TBK1,True,False
TBL1X,True,False
TBPL1,True,False
TBXAS1,True,False
TC2N,True,False
TCAF1,True,False
TCEA3,True,False
TCEAL8,True,False
TCF25,True,False
TCF3,True,False
TCF4,True,False
TCFL5,True,False
TCIRG1,True,False
TCL1B,True,False
TCN1,True,False
TCTA,True,False
TDRD1,True,False
TDRD7,True,False
TEAD2,True,False
TECPR1,True,False
TECPR2,False,True
TECR,True,False
TEF,True,False
TERF2,True,False
TERF2IP,True,False
TESC,True,False
TESK1,True,False
TEX30,True,False
TFAM,True,False
TFB2M,True,False
TFCP2,True,False
TFDP1,True,False
TFE3,True,False
TFEC,False,True
TFF3,True,False
TFG,True,False
TFRC,True,False
TGDS,True,False
TGFA,True,False
TGFBI,True,False
TGFBR2,True,False
TGFBR3,True,False
TGM2,True,False
TGM3,True,False
TGOLN2,True,False
THAP11,True,False
THAP12,True,False
THBS1,True,False
THEM6,True,False
THEMIS,True,True
THEMIS2,True,False
THNSL2,True,False
THOC1,True,False
THOC2,True,False
THOC3,True,False
THOC5,True,False
THOC7,True,False
THUMPD1,True,False
TIA1,True,False
TIAF1,True,False
TIAM2,True,False
TICAM2,True,False
TIMM10,True,False
TIMM10B,True,False
TIMM13,True,False
TIMM22,True,False
TIMM23,True,False
TIMP1,True,False
TIMP2,True,False
TINF2,True,False
TIPARP,True,False
TJAP1,True,False
TK1,True,False
TKT,True,False
TKTL1,True,False
TLE3,True,True
TLE4,True,False
TLK1,True,False
TLN1,True,False
TLR1,True,False
TLR2,True,False
TLR4,True,False
TLR5,True,False
TLR6,True,False
TLR7,True,False
TLR8,True,False
TM2D1,True,False
TM2D3,True,False
TM6SF1,True,False
TM7SF2,True,False
TM7SF3,True,False
TM9SF2,True,False
TM9SF3,True,False
TM9SF4,True,False
TMA7,True,False
TMBIM1,True,False
TMBIM4,True,False
TMBIM6,True,False
TMC6,True,False
TMCC2,True,False
TMCO1,True,False
TMCO3,True,False
TMCO5A,True,False
TMED1,True,False
TMED10,True,False
TMED2,True,False
TMED3,True,False
TMED5,True,False
TMED7,True,False
TMED9,True,False
TMEM101,True,False
TMEM109,True,False
TMEM115,True,False
TMEM116,True,False
TMEM120A,True,False
TMEM123,True,False
TMEM126A,True,False
TMEM126B,True,False
TMEM127,True,False
TMEM131,True,False
TMEM140,True,False
TMEM147,True,False
TMEM14B,True,False
TMEM14C,True,False
TMEM154,True,False
TMEM158,True,False
TMEM160,True,False
TMEM167B,True,False
TMEM17,True,False
TMEM175,True,False
TMEM176A,True,False
TMEM179B,True,False
TMEM181,True,False
TMEM183A,True,False
TMEM184B,True,False
TMEM203,True,False
TMEM204,True,False
TMEM205,True,False
TMEM207,True,False
TMEM209,True,False
TMEM214,True,False
TMEM216,True,False
TMEM219,True,False
TMEM230,True,False
TMEM238,True,False
TMEM243,True,False
TMEM245,True,False
TMEM256,True,False
TMEM258,True,False
TMEM267,True,False
TMEM268,True,False
TMEM30A,True,False
TMEM33,True,False
TMEM39B,True,False
TMEM41B,True,False
TMEM43,True,False
TMEM45B,True,False
TMEM50B,True,False
TMEM51,True,False
TMEM59,True,False
TMEM60,True,False
TMEM63A,True,False
TMEM69,True,False
TMEM71,True,False
TMEM79,True,False
TMEM86B,True,False
TMEM87A,True,False
TMEM88,True,False
TMEM91,True,False
TMEM94,True,False
TMEM9B,True,False
TMOD1,True,False
TMPRSS15,True,False
TMPRSS9,True,False
TMSB10,True,False
TMUB1,True,False
TMUB2,True,False
TMX1,True,False
TMX2,True,False
TMX3,True,False
TMX4,True,False
TNF,True,False
TNFAIP2,True,False
TNFAIP3,True,False
TNFAIP6,True,False
TNFAIP8L1,True,False
TNFRSF10A,True,False
TNFRSF10B,True,False
TNFRSF10C,True,True
TNFRSF13B,True,False
TNFRSF14,True,False
TNFRSF17,True,False
TNFRSF1A,True,False
TNFRSF1B,True,False
TNFRSF25,False,True
TNFSF10,True,False
TNFSF13B,True,False
TNFSF14,True,False
TNFSF8,True,False
TNIP1,True,False
TNPO2,True,False
TNPO3,True,False
TNS1,True,False
TNS3,True,False
TOB1,True,False
TOLLIP,True,False
TOM1,True,False
TOMM20,True,False
TOMM22,True,False
TOMM34,True,False
TOMM40,True,False
TOMM5,True,False
TOMM7,True,False
TOMM70,True,False
TOP2B,True,False
TOP3A,True,False
TOP3B,True,False
TOPBP1,True,False
TOPORS,True,False
TOR1A,True,False
TOR1AIP1,True,False
TOR1B,True,False
TOR3A,True,False
TOR4A,True,False
TOX2,True,False
TP53I11,True,False
TP53INP1,True,False
TP53INP2,True,False
TP53RK,True,False
TPCN2,True,False
TPD52L2,True,False
TPGS2,True,False
TPI1,True,False
TPM2,True,False
TPMT,True,False
TPP1,True,False
TPRG1L,True,False
TPST1,True,False
TPST2,True,False
TPT1,True,False
TRA2A,True,False
TRA2B,True,False
TRABD,True,False
TRADD,True,False
TRAF3IP3,True,False
TRAFD1,True,False
TRAK2,True,False
TRAM1,True,False
TRANK1,True,False
TRAP1,True,False
TRAPPC1,True,False
TRAPPC12,True,False
TRAPPC3,True,False
TRAPPC4,True,False
TRAPPC5,True,False
TRAPPC6A,True,False
TRAPPC8,True,False
TRAT1,True,True
TREM1,True,False
TREML1,True,False
TREML2,True,False
TRIB1,True,False
TRIB2,True,False
TRIB3,True,False
TRIM10,True,False
TRIM21,True,False
TRIM22,True,False
TRIM25,True,False
TRIM26,True,False
TRIM28,True,False
TRIM33,True,False
TRIM38,True,False
TRIM4,True,False
TRIM44,True,False
TRIM51,True,False
TRIM52,True,False
TRIM56,True,False
TRIM58,True,False
TRIM62,True,False
TRIM68,True,False
TRIM8,True,False
TRIP12,True,False
TRIP4,True,False
TRIT1,True,False
TRMO,True,False
TRMT1,True,False
TRMT112,True,False
TRMT13,True,False
TRMT2B,True,False
TRMT5,True,False
TRPC4AP,True,False
TRPC5,True,False
TRPM6,True,False
TRPT1,True,False
TRPV2,True,False
TRRAP,True,False
TSC2,True,False
TSC22D2,True,False
TSC22D3,True,False
TSC22D4,True,False
TSEN15,True,False
TSEN34,True,False
TSEN54,True,False
TSG101,True,False
TSHZ1,True,False
TSHZ2,True,False
TSHZ3,True,False
TSPAN1,True,False
TSPAN14,True,False
TSPAN18,True,False
TSPAN3,True,False
TSPAN31,True,False
TSPAN32,True,False
TSPAN33,True,False
TSPAN5,True,False
TSPAN9,True,False
TSPO,True,False
TSPOAP1,True,False
TSPYL1,True,False
TSSC4,True,False
TST,True,False
TTC1,True,False
TTC14,True,False
TTC17,True,False
TTC19,True,False
TTC25,True,False
TTC31,True,False
TTC37,True,False
TTC38,True,False
TTC39C,True,False
TTC4,True,False
TTC5,True,False
TTLL12,True,False
TTYH3,True,False
TUBA1A,True,False
TUBA1B,True,False
TUBA1C,True,False
TUBA4A,True,False
TUBB,True,False
TUBB1,True,False
TUBB2A,True,False
TUBB4B,True,False
TUFM,True,False
TWF2,True,False
TXK,True,False
TXLNA,True,False
TXN,True,False
TXN2,True,False
TXNDC12,True,False
TXNDC17,True,False
TXNDC5,True,False
TXNIP,True,False
TXNRD1,True,False
TYK2,True,False
TYMP,True,False
TYMS,True,False
TYROBP,True,False
TYW1,True,False
UAP1L1,True,False
UBA1,True,False
UBA3,True,False
UBA6,True,False
UBA7,True,False
UBAC1,True,False
UBALD1,True,False
UBALD2,True,False
UBAP1,True,False
UBAP2L,True,False
UBASH3B,True,False
UBB,True,False
UBE2A,True,False
UBE2D3,True,False
UBE2E1,True,False
UBE2E2,True,False
UBE2F,True,False
UBE2G2,True,False
UBE2H,True,False
UBE2J1,True,False
UBE2L6,True,False
UBE2M,True,False
UBE2N,True,False
UBE2O,True,False
UBE2Q2,True,False
UBE2V2,True,False
UBE3A,True,False
UBE4A,True,False
UBE4B,True,False
UBL3,True,False
UBL4A,True,False
UBL5,True,False
UBL7,True,False
UBLCP1,True,False
UBN1,True,False
UBP1,True,False
UBQLN2,True,False
UBQLN4,True,False
UBR2,True,False
UBR4,True,False
UBTD1,True,False
UBXN1,True,False
UBXN4,True,False
UBXN6,True,False
UCHL3,True,False
UCHL5,True,False
UCKL1,True,False
UCP2,True,False
UFC1,True,False
UGCG,True,False
UGGT1,True,False
UHMK1,True,False
UIMC1,True,False
ULK1,True,False
UNC13D,True,False
UNC50,True,False
UNC93B1,True,False
UPF1,True,False
UPF3B,True,False
UQCC2,True,False
UQCRB,True,False
UQCRC1,True,False
UQCRC2,True,False
UQCRFS1,True,False
UQCRH,True,False
UQCRHL,True,False
UQCRQ,True,False
URM1,True,False
UROD,True,False
UROS,True,False
USB1,True,False
USF1,True,False
USO1,True,False
USP10,True,False
USP11,True,False
USP15,True,False
USP16,True,False
USP24,True,False
USP3,True,False
USP38,True,False
USP39,True,False
USP4,True,False
USP49,True,False
USP5,True,False
USP7,True,False
UTP11,True,False
UTP14C,True,False
UTP3,True,False
UTP4,True,False
UTP6,True,False
UVSSA,True,False
UXS1,True,False
VAMP1,True,False
VAMP2,True,False
VAMP3,True,False
VAMP5,True,False
VAMP7,True,False
VAMP8,True,False
VARS2,True,False
VASH1,True,False
VASP,True,False
VAV1,True,False
VAV3,True,False
VBP1,True,False
VCAN,True,False
VCL,True,False
VCP,True,False
VCPIP1,True,False
VCPKMT,True,False
VDAC1,True,False
VDAC3,True,False
VENTX,True,False
VEZF1,True,False
VGLL4,True,False
VHL,True,False
VIM,True,False
VIPR1,True,False
VMA21,True,False
VMP1,True,False
VNN1,True,False
VNN2,True,False
VNN3,True,True
VOPP1,True,False
VPREB3,True,False
VPS18,True,False
VPS26A,True,False
VPS28,True,False
VPS29,True,False
VPS35,True,False
VPS36,True,False
VPS37B,True,False
VPS37C,True,False
VPS39,True,False
VPS45,True,False
VPS4B,True,False
VPS51,True,False
VPS52,True,False
VPS9D1,True,False
VRK3,True,False
VSTM1,True,False
VTI1B,True,False
VWCE,True,False
VWF,True,False
WAC,True,False
WAPL,True,False
WAS,True,False
WASF2,True,False
WASL,True,False
WBP1L,True,False
WBP2,True,False
WBP4,True,False
WDFY1,True,False
WDFY2,True,False
WDR1,True,False
WDR13,True,False
WDR18,True,False
WDR26,True,False
WDR36,True,False
WDR45,True,False
WDR46,True,False
WDR48,True,False
WDR54,True,False
WDR59,True,False
WDR6,True,False
WDR61,True,False
WDR73,True,False
WDR74,True,False
WDR75,True,False
WDR81,True,False
WDR82,True,False
WDR83OS,True,False
WDSUB1,True,False
WIPF1,True,False
WIPI1,True,False
WLS,True,False
WNK1,True,False
WSB1,True,False
WSB2,True,False
WWC3,True,False
WWP1,True,False
XAB2,True,False
XAF1,True,False
XBP1,True,False
XK,True,False
XKR8,True,False
XPC,True,False
XPNPEP1,True,False
XPO1,True,False
XPO6,True,False
XPO7,True,False
XRCC2,True,False
XRCC5,True,False
XRCC6,True,False
XRN1,True,False
XYLT2,True,False
YARS2,True,False
YBX1,True,False
YBX3,True,False
YEATS4,True,False
YIF1B,True,False
YIPF1,True,False
YIPF3,True,False
YIPF6,True,False
YME1L1,True,False
YOD1,True,False
YPEL1,True,False
YPEL2,True,False
YPEL3,True,False
YPEL5,True,False
YRDC,True,False
YTHDF2,True,False
YTHDF3,True,False
YWHAB,True,False
YWHAG,True,False
YWHAH,True,False
YWHAQ,True,False
YY1,True,False
ZADH2,True,False
ZBED1,True,False
ZBED5,True,False
ZBP1,True,False
ZBTB16,True,False
ZBTB17,True,False
ZBTB20,True,False
ZBTB33,True,False
ZBTB4,True,False
ZBTB40,True,False
ZBTB43,True,False
ZBTB48,True,False
ZC3H12A,True,False
ZC3H15,True,False
ZC3H18,True,False
ZC3H3,True,False
ZC3H4,True,False
ZC3HAV1,True,False
ZC3HC1,True,False
ZCCHC17,True,False
ZCCHC7,True,False
ZCCHC8,True,False
ZCCHC9,True,False
ZDHHC12,True,False
ZDHHC17,True,False
ZDHHC18,True,False
ZDHHC19,True,False
ZDHHC7,True,False
ZDHHC8,True,False
ZFAND2A,True,False
ZFAND2B,True,False
ZFAND3,True,False
ZFAND5,True,False
ZFHX3,True,False
ZFP36,True,False
ZFP36L1,True,False
ZFP36L2,True,False
ZFP90,True,False
ZFPM1,True,False
ZFR,True,False
ZFYVE19,True,False
ZFYVE21,True,False
ZFYVE26,True,False
ZHX2,True,False
ZMAT2,True,False
ZMIZ1,True,False
ZMPSTE24,True,False
ZMYM1,True,False
ZMYND11,True,False
ZMYND15,True,False
ZNF106,True,False
ZNF14,True,False
ZNF143,True,False
ZNF148,True,False
ZNF17,True,False
ZNF185,True,False
ZNF20,True,False
ZNF207,True,False
ZNF213,True,False
ZNF217,True,False
ZNF22,True,False
ZNF223,True,False
ZNF25,True,False
ZNF264,True,False
ZNF275,True,False
ZNF277,True,False
ZNF281,True,False
ZNF282,True,False
ZNF296,True,False
ZNF302,True,False
ZNF319,True,False
ZNF324,True,False
ZNF329,True,False
ZNF341,True,False
ZNF358,True,False
ZNF362,True,False
ZNF385A,True,False
ZNF394,True,False
ZNF395,True,False
ZNF428,True,False
ZNF430,True,False
ZNF438,True,False
ZNF439,True,False
ZNF467,True,False
ZNF486,True,False
ZNF500,True,False
ZNF512,True,False
ZNF518A,True,False
ZNF524,True,False
ZNF526,True,False
ZNF529,True,False
ZNF548,True,False
ZNF559,True,False
ZNF562,True,False
ZNF564,True,False
ZNF577,True,False
ZNF581,True,False
ZNF622,True,False
ZNF641,True,False
ZNF652,True,False
ZNF653,True,False
ZNF669,True,False
ZNF672,True,False
ZNF682,True,False
ZNF683,True,False
ZNF689,True,False
ZNF69,True,False
ZNF692,True,False
ZNF7,True,False
ZNF700,True,False
ZNF721,True,False
ZNF746,True,False
ZNF770,True,False
ZNF785,True,False
ZNF786,True,False
ZNF787,True,False
ZNF791,True,False
ZNF800,True,False
ZNF816,True,False
ZNF827,True,False
ZNF83,True,False
ZNF830,True,False
ZNF91,True,False
ZNFX1,True,False
ZNHIT1,True,False
ZNHIT3,True,False
ZNHIT6,True,False
ZP3,True,False
ZRANB1,True,False
ZRANB2,True,False
ZRSR2,True,False
ZSCAN18,True,False
ZSWIM6,True,False
ZSWIM8,True,False
ZYG11B,True,False
ZYX,True,False
ZZEF1,True,False
ZZZ3,True,False
