stage,file,status,inputs
analysis_stage22,workflow/analysis_stage22/run_revision.py,historical analysis source; requires original inputs,See docs/WORKFLOW.md and preserved protocol; inputs not bundled
analysis_stage22,workflow/analysis_stage22/nested_validation.py,historical analysis source; requires original inputs,See docs/WORKFLOW.md and preserved protocol; inputs not bundled
analysis_stage22,workflow/analysis_stage22/conformal_foldlocal.py,historical analysis source; requires original inputs,See docs/WORKFLOW.md and preserved protocol; inputs not bundled
analysis_stage26,workflow/analysis_stage26/download_external.py,historical analysis source; requires original inputs,See docs/WORKFLOW.md and preserved protocol; inputs not bundled
analysis_stage26,workflow/analysis_stage26/external_transport.py,historical analysis source; requires original inputs,See docs/WORKFLOW.md and preserved protocol; inputs not bundled
analysis_stage26,workflow/analysis_stage26/effect_reproducibility.py,historical analysis source; requires original inputs,See docs/WORKFLOW.md and preserved protocol; inputs not bundled
analysis_stage26,workflow/analysis_stage26/clinical_increment.py,historical analysis source; requires original inputs,See docs/WORKFLOW.md and preserved protocol; inputs not bundled
analysis_stage26,workflow/analysis_stage26/local_relearn.py,historical analysis source; requires original inputs,See docs/WORKFLOW.md and preserved protocol; inputs not bundled
analysis_stage26,workflow/analysis_stage26/spectrum_endpoint.py,historical analysis source; requires original inputs,See docs/WORKFLOW.md and preserved protocol; inputs not bundled
analysis_stage26,workflow/analysis_stage26/inspect_external.py,historical analysis source; requires original inputs,See docs/WORKFLOW.md and preserved protocol; inputs not bundled
analysis_stage27,workflow/analysis_stage27/download_gse249477.py,historical analysis source; requires original inputs,See docs/WORKFLOW.md and preserved protocol; inputs not bundled
analysis_stage27,workflow/analysis_stage27/eligibility_gse249477.py,historical analysis source; requires original inputs,See docs/WORKFLOW.md and preserved protocol; inputs not bundled
analysis_stage27,workflow/analysis_stage27/score_gse249477.py,historical analysis source; requires original inputs,See docs/WORKFLOW.md and preserved protocol; inputs not bundled
analysis_stage27,workflow/analysis_stage27/reference_composition_sensitivity.py,historical analysis source; requires original inputs,See docs/WORKFLOW.md and preserved protocol; inputs not bundled
analysis_stage27,workflow/analysis_stage27/random_panel_bias.py,historical analysis source; requires original inputs,See docs/WORKFLOW.md and preserved protocol; inputs not bundled
analysis_stage28,workflow/analysis_stage28/score_gse248417.py,historical analysis source; requires original inputs,See docs/WORKFLOW.md and preserved protocol; inputs not bundled
analysis_stage28,workflow/analysis_stage28/reference_composition_gse248417.py,historical analysis source; requires original inputs,See docs/WORKFLOW.md and preserved protocol; inputs not bundled
analysis_stage28,workflow/analysis_stage28/external_baseline_benchmark.py,historical analysis source; requires original inputs,See docs/WORKFLOW.md and preserved protocol; inputs not bundled
analysis_stage32_marker_pivot,workflow/analysis_stage32_marker_pivot/parse_brain_resource.py,historical analysis source; requires original inputs,See docs/WORKFLOW.md and preserved protocol; inputs not bundled
analysis_stage32_marker_pivot,workflow/analysis_stage32_marker_pivot/parse_sea_ad_markers.py,historical analysis source; requires original inputs,See docs/WORKFLOW.md and preserved protocol; inputs not bundled
analysis_stage32_marker_pivot,workflow/analysis_stage32_marker_pivot/run_brain_marker_pilot.py,historical analysis source; requires original inputs,See docs/WORKFLOW.md and preserved protocol; inputs not bundled
analysis_stage33_seaad_pairing,workflow/analysis_stage33_seaad_pairing/download_pseudobulk.py,historical analysis source; requires original inputs,See docs/WORKFLOW.md and preserved protocol; inputs not bundled
analysis_stage33_seaad_pairing,workflow/analysis_stage33_seaad_pairing/inspect_pseudobulk.py,historical analysis source; requires original inputs,See docs/WORKFLOW.md and preserved protocol; inputs not bundled
analysis_stage33_seaad_pairing,workflow/analysis_stage33_seaad_pairing/pair_pseudobulk.py,historical analysis source; requires original inputs,See docs/WORKFLOW.md and preserved protocol; inputs not bundled
analysis_stage35_target_specific,workflow/analysis_stage35_target_specific/run_target_specific.py,historical analysis source; requires original inputs,See docs/WORKFLOW.md and preserved protocol; inputs not bundled
analysis_stage35_target_specific,workflow/analysis_stage35_target_specific/run_no_mito_sensitivity.py,historical analysis source; requires original inputs,See docs/WORKFLOW.md and preserved protocol; inputs not bundled
analysis_stage37_signal_audit,workflow/analysis_stage37_signal_audit/run_quality_audit.py,historical analysis source; requires original inputs,See docs/WORKFLOW.md and preserved protocol; inputs not bundled
analysis_stage37_signal_audit,workflow/analysis_stage37_signal_audit/analyze_audit.py,historical analysis source; requires original inputs,See docs/WORKFLOW.md and preserved protocol; inputs not bundled
analysis_stage37_signal_audit,workflow/analysis_stage37_signal_audit/verify_replay.py,historical analysis source; requires original inputs,See docs/WORKFLOW.md and preserved protocol; inputs not bundled
analysis_stage39_tau_panel,workflow/analysis_stage39_tau_panel/run_panel.py,historical analysis source; requires original inputs,See docs/WORKFLOW.md and preserved protocol; inputs not bundled
analysis_stage39_tau_panel,workflow/analysis_stage39_tau_panel/run_permutations.py,historical analysis source; requires original inputs,See docs/WORKFLOW.md and preserved protocol; inputs not bundled
analysis_stage39_tau_panel,workflow/analysis_stage39_tau_panel/run_region_null.py,historical analysis source; requires original inputs,See docs/WORKFLOW.md and preserved protocol; inputs not bundled
analysis_stage39_tau_panel,workflow/analysis_stage39_tau_panel/run_nuclear_sensitivity.py,historical analysis source; requires original inputs,See docs/WORKFLOW.md and preserved protocol; inputs not bundled
analysis_stage39_tau_panel,workflow/analysis_stage39_tau_panel/freeze_predictors.py,historical analysis source; requires original inputs,See docs/WORKFLOW.md and preserved protocol; inputs not bundled
analysis_stage39_tau_panel,workflow/analysis_stage39_tau_panel/predict_saved.py,historical analysis source; requires original inputs,See docs/WORKFLOW.md and preserved protocol; inputs not bundled
analysis_stage39_tau_panel,workflow/analysis_stage39_tau_panel/summarize_panel.py,historical analysis source; requires original inputs,See docs/WORKFLOW.md and preserved protocol; inputs not bundled
analysis_stage40_multiview,workflow/analysis_stage40_multiview/run_benchmark.py,historical analysis source; requires original inputs,See docs/WORKFLOW.md and preserved protocol; inputs not bundled
analysis_stage40_multiview,workflow/analysis_stage40_multiview/replay_benchmark.py,historical analysis source; requires original inputs,See docs/WORKFLOW.md and preserved protocol; inputs not bundled
analysis_stage40_multiview,workflow/analysis_stage40_multiview/run_quality_rf.py,historical analysis source; requires original inputs,See docs/WORKFLOW.md and preserved protocol; inputs not bundled
analysis_stage40_multiview,workflow/analysis_stage40_multiview/run_rf_ablation.py,historical analysis source; requires original inputs,See docs/WORKFLOW.md and preserved protocol; inputs not bundled
analysis_stage40_multiview,workflow/analysis_stage40_multiview/run_transport.py,historical analysis source; requires original inputs,See docs/WORKFLOW.md and preserved protocol; inputs not bundled
analysis_stage40_multiview,workflow/analysis_stage40_multiview/summarize.py,historical analysis source; requires original inputs,See docs/WORKFLOW.md and preserved protocol; inputs not bundled
analysis_stage40_multiview,workflow/analysis_stage40_multiview/summarize_followups.py,historical analysis source; requires original inputs,See docs/WORKFLOW.md and preserved protocol; inputs not bundled
analysis_stage41_independent_glia,workflow/analysis_stage41_independent_glia/prepare_downloads.py,historical analysis source; requires original inputs,See docs/WORKFLOW.md and preserved protocol; inputs not bundled
analysis_stage41_independent_glia,workflow/analysis_stage41_independent_glia/process_counts.py,historical analysis source; requires original inputs,See docs/WORKFLOW.md and preserved protocol; inputs not bundled
analysis_stage41_independent_glia,workflow/analysis_stage41_independent_glia/check_group_dependence.py,historical analysis source; requires original inputs,See docs/WORKFLOW.md and preserved protocol; inputs not bundled
analysis_stage41_independent_glia,workflow/analysis_stage41_independent_glia/summarize_external.py,historical analysis source; requires original inputs,See docs/WORKFLOW.md and preserved protocol; inputs not bundled
analysis_stage50_triage_bridge,workflow/analysis_stage50_triage_bridge/extract_paired_pseudobulk.py,historical analysis source; requires original inputs,See docs/WORKFLOW.md and preserved protocol; inputs not bundled
analysis_stage50_triage_bridge,workflow/analysis_stage50_triage_bridge/http_range_io.py,historical analysis source; requires original inputs,See docs/WORKFLOW.md and preserved protocol; inputs not bundled
analysis_stage50_triage_bridge,workflow/analysis_stage50_triage_bridge/inspect_paired_hdf5.py,historical analysis source; requires original inputs,See docs/WORKFLOW.md and preserved protocol; inputs not bundled
analysis_stage50_triage_bridge,workflow/analysis_stage50_triage_bridge/run_triage_immune_audit.py,historical analysis source; requires original inputs,See docs/WORKFLOW.md and preserved protocol; inputs not bundled
analysis_stage50_triage_bridge,workflow/analysis_stage50_triage_bridge/run_protein_pilot.py,historical analysis source; requires original inputs,See docs/WORKFLOW.md and preserved protocol; inputs not bundled
analysis_stage50_triage_bridge,workflow/analysis_stage50_triage_bridge/check_protein_batch_transport.py,historical analysis source; requires original inputs,See docs/WORKFLOW.md and preserved protocol; inputs not bundled
analysis_stage50_triage_bridge,workflow/analysis_stage50_triage_bridge/audit_genetic_and_protein_specificity.py,historical analysis source; requires original inputs,See docs/WORKFLOW.md and preserved protocol; inputs not bundled
analysis_stage53_measured_blood_anchor,workflow/analysis_stage53_measured_blood_anchor/run_measured_anchor_pilot.py,historical analysis source; requires original inputs,See docs/WORKFLOW.md and preserved protocol; inputs not bundled
analysis_stage53_measured_blood_anchor,workflow/analysis_stage53_measured_blood_anchor/freeze_and_verify_predictor.py,historical analysis source; requires original inputs,See docs/WORKFLOW.md and preserved protocol; inputs not bundled
analysis_stage53_measured_blood_anchor,workflow/analysis_stage53_measured_blood_anchor/replay_verify.py,historical analysis source; requires original inputs,See docs/WORKFLOW.md and preserved protocol; inputs not bundled
analysis_stage54_soundlife_external,workflow/analysis_stage54_soundlife_external/prepare_soundlife.py,historical analysis source; requires original inputs,See docs/WORKFLOW.md and preserved protocol; inputs not bundled
analysis_stage54_soundlife_external,workflow/analysis_stage54_soundlife_external/run_external_validation.py,historical analysis source; requires original inputs,See docs/WORKFLOW.md and preserved protocol; inputs not bundled
analysis_stage54_soundlife_external,workflow/analysis_stage54_soundlife_external/verify_and_replay.py,historical analysis source; requires original inputs,See docs/WORKFLOW.md and preserved protocol; inputs not bundled
analysis_stage55_measurement_anchored_triage,workflow/analysis_stage55_measurement_anchored_triage/run_anchored_triage_audit.py,historical analysis source; requires original inputs,See docs/WORKFLOW.md and preserved protocol; inputs not bundled
analysis_stage55_measurement_anchored_triage,workflow/analysis_stage55_measurement_anchored_triage/verify_replay_and_balance.py,historical analysis source; requires original inputs,See docs/WORKFLOW.md and preserved protocol; inputs not bundled
analysis_stage56_fair_immune_benchmark,workflow/analysis_stage56_fair_immune_benchmark/prepare_fair_benchmark.py,historical analysis source; requires original inputs,See docs/WORKFLOW.md and preserved protocol; inputs not bundled
analysis_stage56_fair_immune_benchmark,workflow/analysis_stage56_fair_immune_benchmark/run_fair_benchmark.py,historical analysis source; requires original inputs,See docs/WORKFLOW.md and preserved protocol; inputs not bundled
analysis_stage56_fair_immune_benchmark,workflow/analysis_stage56_fair_immune_benchmark/verify_and_diagnose.py,historical analysis source; requires original inputs,See docs/WORKFLOW.md and preserved protocol; inputs not bundled
analysis_stage57_external_resource_audit,workflow/analysis_stage57_external_resource_audit/audit_resources.py,historical analysis source; requires original inputs,See docs/WORKFLOW.md and preserved protocol; inputs not bundled
analysis_stage57_external_resource_audit,workflow/analysis_stage57_external_resource_audit/fetch_audit_inputs.py,historical analysis source; requires original inputs,See docs/WORKFLOW.md and preserved protocol; inputs not bundled
analysis_stage57_external_resource_audit,workflow/analysis_stage57_external_resource_audit/fetch_batch_biosamples.py,historical analysis source; requires original inputs,See docs/WORKFLOW.md and preserved protocol; inputs not bundled
analysis_stage57_external_resource_audit,workflow/analysis_stage57_external_resource_audit/fetch_followup_metadata.py,historical analysis source; requires original inputs,See docs/WORKFLOW.md and preserved protocol; inputs not bundled
analysis_stage58_exact_MCP_benchmark,workflow/analysis_stage58_exact_MCP_benchmark/prepare_official_inputs.py,historical analysis source; requires original inputs,See docs/WORKFLOW.md and preserved protocol; inputs not bundled
analysis_stage58_exact_MCP_benchmark,workflow/analysis_stage58_exact_MCP_benchmark/run_official_MCP.R,historical analysis source; requires original inputs,See docs/WORKFLOW.md and preserved protocol; inputs not bundled
analysis_stage58_exact_MCP_benchmark,workflow/analysis_stage58_exact_MCP_benchmark/run_benchmark.py,historical analysis source; requires original inputs,See docs/WORKFLOW.md and preserved protocol; inputs not bundled
analysis_stage62_round1_figure_review,workflow/analysis_stage62_round1_figure_review/build_bioinformatics_figures.py,historical analysis source; requires original inputs,See docs/WORKFLOW.md and preserved protocol; inputs not bundled
