dataset,role,url,destination,historical_sha256,historical_bytes,kind
GSE63060,unlabelled module discovery and case/control development,https://www.ncbi.nlm.nih.gov/geo/query/acc.cgi?acc=GSE63060,,,,catalogue
GSE63061,related-batch array evaluation,https://www.ncbi.nlm.nih.gov/geo/query/acc.cgi?acc=GSE63061,,,,catalogue
GSE140829,independent array evaluation,https://www.ncbi.nlm.nih.gov/geo/query/acc.cgi?acc=GSE140829,,,,catalogue
GSE249477,independent RNA-seq target-relative stress test,https://www.ncbi.nlm.nih.gov/geo/query/acc.cgi?acc=GSE249477,,,,catalogue
GSE248417,independent RNA-seq target-relative stress test,https://www.ncbi.nlm.nih.gov/geo/query/acc.cgi?acc=GSE248417,,,,catalogue
GSE157103,RNA with measured neutrophil endpoint,https://www.ncbi.nlm.nih.gov/geo/query/acc.cgi?acc=GSE157103,,,,catalogue
GSE160936,"independent brain RNA/pathology association, 12 donors",https://www.ncbi.nlm.nih.gov/geo/query/acc.cgi?acc=GSE160936,,,,catalogue
SEA-AD,official multiregion brain resources,https://portal.brain-map.org/explore/seattle-alzheimers-disease,,,,catalogue
SoundLife,whole-blood RNA and measured CBC,https://allenimmunology.org/,,,,catalogue
GSE157103,paired-source RNA,https://ftp.ncbi.nlm.nih.gov/geo/series/GSE157nnn/GSE157103/matrix/GSE157103_series_matrix.txt.gz,workflow/analysis_stage53_measured_blood_anchor/raw/GSE157103_series_matrix.txt.gz,ccf49e7d42bfb38e368f37c7a6257a33b95f76393f866060eaa11840ec3ccdf1,11689,download
GSE157103,paired-source RNA,https://ftp.ncbi.nlm.nih.gov/geo/series/GSE157nnn/GSE157103/suppl/GSE157103_genes.tpm.tsv.gz,workflow/analysis_stage53_measured_blood_anchor/raw/GSE157103_genes.tpm.tsv.gz,951d2817a72210520837cdf2b7bd6783b8caa3b995262c4ed16556de1588a3dc,4018862,download
MSV000085703,measured source clinical endpoint,https://massive.ucsd.edu/ProteoSAFe/DownloadResultFile?file=f.MSV000085703%2Fupdates%2F2020-09-09_lmuehlbauer_4248b39f%2Fother%2FCovid-19%20Study%20DB.sqlite&forceDownload=true,workflow/analysis_stage53_measured_blood_anchor/raw/Overmyer_2020_09_09.sqlite,051cd7305f157d6f819038b597eaaa9eb0c84dce9c368d3e0bde7d733428fec3,206520320,download
SoundLife,external RNA and CBC,https://allenimmunology.org/public/publication/download/d40dbd84-2a59-40c0-bd16-0d650d79eb8c/filesets/a78a14ac-d79b-4f4a-b2fb-9875ef3113be/sound_life_labs_metadata.csv,workflow/analysis_stage54_soundlife_external/raw/sound_life_labs_metadata.csv,c360d0f6c0fff118f3302dcbc0633e1593dda966cb8762db3fc19df14bafb025,290591,download
SoundLife,external RNA and CBC,https://allenimmunology.org/public/publication/download/d40dbd84-2a59-40c0-bd16-0d650d79eb8c/filesets/a78a14ac-d79b-4f4a-b2fb-9875ef3113be/sound_life_clinical_lab_descriptors.csv,workflow/analysis_stage54_soundlife_external/raw/sound_life_clinical_lab_descriptors.csv,1c38d05fe437b2536bbe8f1d552d81f2b19a0da393bf862167c40bcdc1747a36,5095,download
SoundLife,external unstimulated whole-blood RNA,https://allenimmunology.org/public/publication/download/d40dbd84-2a59-40c0-bd16-0d650d79eb8c/filesets/6de99f73-8269-4c30-99b4-44ff39a86d8e/sound-life_whole-blood_no-stim.h5ad,workflow/analysis_stage54_soundlife_external/raw/sound-life_whole-blood_no-stim.h5ad,980d39ca002d1fd18c0e7cb6d658602d8395e1cf7fe8a2fac069b12bfb7d71e9,203636302,download
GRCh38.91,gene-length reference,https://ftp.ensembl.org/pub/release-91/gtf/homo_sapiens/Homo_sapiens.GRCh38.91.gtf.gz,workflow/analysis_stage54_soundlife_external/raw/Homo_sapiens.GRCh38.91.gtf.gz,1abe442ea2ba90c022545be71c4e7b95b66d45c8c9e4e4ec3788b6be440b598d,41862461,download
SEA-AD,pseudobulk input,https://sea-ad-single-cell-profiling.s3.us-west-2.amazonaws.com/Multiregion_2026/pseudobulk_objects/SEAAD_Astrocyte_HIP_MEC_LEC_ITG_MTG_FI_STG_DFC_AnG_V1C_RNAseq_final-nuclei_pseudobulked.2026-06-22.h5ad,workflow/analysis_stage33_seaad_pairing/SEAAD_Astrocyte_HIP_MEC_LEC_ITG_MTG_FI_STG_DFC_AnG_V1C_RNAseq_final-nuclei_pseudobulked.2026-06-22.h5ad,95aaa404bae594b407ff1c65b3e0e5f18f2c8761320336bb09c67b55eb371280,169149269,download
SEA-AD,pseudobulk input,https://sea-ad-single-cell-profiling.s3.us-west-2.amazonaws.com/Multiregion_2026/pseudobulk_objects/SEAAD_Immune_HIP_MEC_LEC_ITG_MTG_FI_STG_DFC_AnG_V1C_RNAseq_final-nuclei_pseudobulked.2026-06-22.h5ad,workflow/analysis_stage33_seaad_pairing/SEAAD_Immune_HIP_MEC_LEC_ITG_MTG_FI_STG_DFC_AnG_V1C_RNAseq_final-nuclei_pseudobulked.2026-06-22.h5ad,c79a9ea30281c51761da0333de90dc6ef0f4cdf525dbdac16d1cd211e74228db,123541128,download
GSE160936,independent brain counts,https://ftp.ncbi.nlm.nih.gov/geo/samples/GSM4886nnn/GSM4886743/suppl/GSM4886743_IGF112633_filtered_feature_bc_matrix.tar.gz,workflow/analysis_stage41_independent_glia/raw/GSM4886743_IGF112633_filtered_feature_bc_matrix.tar.gz,79c3836c0631268ef1bed2f1c61a5973fe4fa5937d7024c66b1f7b04d0b1670c,56311218,download
GSE160936,independent brain counts,https://ftp.ncbi.nlm.nih.gov/geo/samples/GSM4886nnn/GSM4886744/suppl/GSM4886744_IGF112634_filtered_feature_bc_matrix.tar.gz,workflow/analysis_stage41_independent_glia/raw/GSM4886744_IGF112634_filtered_feature_bc_matrix.tar.gz,9290cc82a6156b1950f3cc0a21be22e8b93c07ea1443bb7983333d1151325e29,70459588,download
GSE160936,independent brain counts,https://ftp.ncbi.nlm.nih.gov/geo/samples/GSM4886nnn/GSM4886745/suppl/GSM4886745_IGF112635_filtered_feature_bc_matrix.tar.gz,workflow/analysis_stage41_independent_glia/raw/GSM4886745_IGF112635_filtered_feature_bc_matrix.tar.gz,a70fb1d054151487f1f00cdf64d41ba88ebc7fe1a4c99918cecfac2fb3b5efec,48275236,download
GSE160936,independent brain counts,https://ftp.ncbi.nlm.nih.gov/geo/samples/GSM4886nnn/GSM4886746/suppl/GSM4886746_IGF112636_filtered_feature_bc_matrix.tar.gz,workflow/analysis_stage41_independent_glia/raw/GSM4886746_IGF112636_filtered_feature_bc_matrix.tar.gz,26fa50164d2a63ed45c0980316a52704cf3479d0f94011e3ef2805559f125e1a,23053235,download
GSE160936,independent brain counts,https://ftp.ncbi.nlm.nih.gov/geo/samples/GSM4886nnn/GSM4886747/suppl/GSM4886747_IGF112637_filtered_feature_bc_matrix.tar.gz,workflow/analysis_stage41_independent_glia/raw/GSM4886747_IGF112637_filtered_feature_bc_matrix.tar.gz,e4a740c56f422c5ac8906695353a3e3fc8610ad1e62ed8722cc3532db7669b5e,55598182,download
GSE160936,independent brain counts,https://ftp.ncbi.nlm.nih.gov/geo/samples/GSM4886nnn/GSM4886748/suppl/GSM4886748_IGF112638_filtered_feature_bc_matrix.tar.gz,workflow/analysis_stage41_independent_glia/raw/GSM4886748_IGF112638_filtered_feature_bc_matrix.tar.gz,caca284f4f4fdcaa797bef7a0ecbb3f3740b1e1225eccbdc7bd705c00bb987ee,39842107,download
GSE160936,independent brain counts,https://ftp.ncbi.nlm.nih.gov/geo/samples/GSM4886nnn/GSM4886749/suppl/GSM4886749_IGF112639_filtered_feature_bc_matrix.tar.gz,workflow/analysis_stage41_independent_glia/raw/GSM4886749_IGF112639_filtered_feature_bc_matrix.tar.gz,bc41e9989d18f37166762ad2b65486a4c462338473c36e8c1991e14f51999d61,41120920,download
GSE160936,independent brain counts,https://ftp.ncbi.nlm.nih.gov/geo/samples/GSM4886nnn/GSM4886750/suppl/GSM4886750_IGF112640_filtered_feature_bc_matrix.tar.gz,workflow/analysis_stage41_independent_glia/raw/GSM4886750_IGF112640_filtered_feature_bc_matrix.tar.gz,f521fd138bea69a77ca53bd54ffb6c6314d58c139e530951fd202e7b3b79bae2,13258424,download
GSE160936,independent brain counts,https://ftp.ncbi.nlm.nih.gov/geo/samples/GSM4886nnn/GSM4886751/suppl/GSM4886751_IGF112641_filtered_feature_bc_matrix.tar.gz,workflow/analysis_stage41_independent_glia/raw/GSM4886751_IGF112641_filtered_feature_bc_matrix.tar.gz,a115d3b9bc459b36e147345fc458147bb937648f331aff5c94c5ac2c69c2d136,46365740,download
GSE160936,independent brain counts,https://ftp.ncbi.nlm.nih.gov/geo/samples/GSM4886nnn/GSM4886752/suppl/GSM4886752_IGF112642_filtered_feature_bc_matrix.tar.gz,workflow/analysis_stage41_independent_glia/raw/GSM4886752_IGF112642_filtered_feature_bc_matrix.tar.gz,2d420b17f27e54b6197a61ee44bacb0f383c9d13b1e3f4f82d61643062806e4d,39666736,download
GSE160936,independent brain counts,https://ftp.ncbi.nlm.nih.gov/geo/samples/GSM4886nnn/GSM4886753/suppl/GSM4886753_IGF112643_filtered_feature_bc_matrix.tar.gz,workflow/analysis_stage41_independent_glia/raw/GSM4886753_IGF112643_filtered_feature_bc_matrix.tar.gz,1cadede3a1929325f5fb12e1c3b7a7f6f03b7c894a3b9b1e64bfa3b6d78b085a,31898302,download
GSE160936,independent brain counts,https://ftp.ncbi.nlm.nih.gov/geo/samples/GSM4886nnn/GSM4886754/suppl/GSM4886754_IGF112644_filtered_feature_bc_matrix.tar.gz,workflow/analysis_stage41_independent_glia/raw/GSM4886754_IGF112644_filtered_feature_bc_matrix.tar.gz,7b930bc5b922322a3411b0328c342188c30bbbc0e914e5e1206767c424eb2c22,56516852,download
GSE160936,independent brain counts,https://ftp.ncbi.nlm.nih.gov/geo/samples/GSM4886nnn/GSM4886755/suppl/GSM4886755_IGF112645_filtered_feature_bc_matrix.tar.gz,workflow/analysis_stage41_independent_glia/raw/GSM4886755_IGF112645_filtered_feature_bc_matrix.tar.gz,8047212c490287294ffa7bb78a743682516325b73669b5c199d2fc58d0f4673d,47779871,download
GSE160936,independent brain counts,https://ftp.ncbi.nlm.nih.gov/geo/samples/GSM4886nnn/GSM4886756/suppl/GSM4886756_IGF112646_filtered_feature_bc_matrix.tar.gz,workflow/analysis_stage41_independent_glia/raw/GSM4886756_IGF112646_filtered_feature_bc_matrix.tar.gz,7868b5555c77da11ba82c1db83475e91cdd0ec3b45699227fe906a67f08d89d1,11729079,download
GSE160936,independent brain counts,https://ftp.ncbi.nlm.nih.gov/geo/samples/GSM4886nnn/GSM4886757/suppl/GSM4886757_IGF112647_filtered_feature_bc_matrix.tar.gz,workflow/analysis_stage41_independent_glia/raw/GSM4886757_IGF112647_filtered_feature_bc_matrix.tar.gz,541ea81d5642c9c34daf157871ae2b93cbc72e370797f0451a563e6e5152ef73,14052012,download
GSE160936,independent brain counts,https://ftp.ncbi.nlm.nih.gov/geo/samples/GSM4886nnn/GSM4886758/suppl/GSM4886758_IGF112648_filtered_feature_bc_matrix.tar.gz,workflow/analysis_stage41_independent_glia/raw/GSM4886758_IGF112648_filtered_feature_bc_matrix.tar.gz,7e6d422ece9db801e84f7466ed38140a0810b4824444ef257f2f777ff1f6d84a,17399658,download
GSE160936,independent brain counts,https://ftp.ncbi.nlm.nih.gov/geo/samples/GSM4886nnn/GSM4886759/suppl/GSM4886759_IGF112649_filtered_feature_bc_matrix.tar.gz,workflow/analysis_stage41_independent_glia/raw/GSM4886759_IGF112649_filtered_feature_bc_matrix.tar.gz,1015229a22eac141217823970b143e056434dbdb5db3ad2fc3729248952e0a2b,31917689,download
GSE160936,independent brain counts,https://ftp.ncbi.nlm.nih.gov/geo/samples/GSM4886nnn/GSM4886760/suppl/GSM4886760_IGF112650_filtered_feature_bc_matrix.tar.gz,workflow/analysis_stage41_independent_glia/raw/GSM4886760_IGF112650_filtered_feature_bc_matrix.tar.gz,72b5f979b7ad062aff6b53371435ad645cda76340e85db32b4b42d2074afcc21,76939674,download
GSE160936,independent brain counts,https://ftp.ncbi.nlm.nih.gov/geo/samples/GSM4886nnn/GSM4886761/suppl/GSM4886761_IGF112651_filtered_feature_bc_matrix.tar.gz,workflow/analysis_stage41_independent_glia/raw/GSM4886761_IGF112651_filtered_feature_bc_matrix.tar.gz,5e81ecbce8ec75eb4e8cb541749e889d51a5928661acf3f78a02f2e08854366e,47859541,download
GSE160936,independent brain counts,https://ftp.ncbi.nlm.nih.gov/geo/samples/GSM4886nnn/GSM4886762/suppl/GSM4886762_IGF112652_filtered_feature_bc_matrix.tar.gz,workflow/analysis_stage41_independent_glia/raw/GSM4886762_IGF112652_filtered_feature_bc_matrix.tar.gz,064f26288cb0f8d452436372a91276def9bc20ce04c6d873d758fdc413997711,100847087,download
GSE160936,independent brain counts,https://ftp.ncbi.nlm.nih.gov/geo/samples/GSM4886nnn/GSM4886763/suppl/GSM4886763_IGF112653_filtered_feature_bc_matrix.tar.gz,workflow/analysis_stage41_independent_glia/raw/GSM4886763_IGF112653_filtered_feature_bc_matrix.tar.gz,1883d0d16f3a35d47b8fc65266d9fda23ee0039d1ad4b7d5e2b8fdbf362e21c4,71185226,download
GSE160936,independent brain counts,https://ftp.ncbi.nlm.nih.gov/geo/samples/GSM4886nnn/GSM4886764/suppl/GSM4886764_IGF112654_filtered_feature_bc_matrix.tar.gz,workflow/analysis_stage41_independent_glia/raw/GSM4886764_IGF112654_filtered_feature_bc_matrix.tar.gz,203e6eb0654a2d71700b31ffaf6e3c3f34cf340f895fd85b89c8a48aab244abb,64848867,download
GSE160936,independent brain counts,https://ftp.ncbi.nlm.nih.gov/geo/samples/GSM4886nnn/GSM4886765/suppl/GSM4886765_IGF112655_filtered_feature_bc_matrix.tar.gz,workflow/analysis_stage41_independent_glia/raw/GSM4886765_IGF112655_filtered_feature_bc_matrix.tar.gz,dbce2149ec408393b679e6c15193880b90e2a872f25a23a5745164bfc992d714,27871649,download
GSE160936,independent brain counts,https://ftp.ncbi.nlm.nih.gov/geo/samples/GSM4886nnn/GSM4886766/suppl/GSM4886766_IGF112656_filtered_feature_bc_matrix.tar.gz,workflow/analysis_stage41_independent_glia/raw/GSM4886766_IGF112656_filtered_feature_bc_matrix.tar.gz,e0f06f18c9018a4fa0aaa266b0f17966a2630c9b5880ec28dd1af1fc20dcf59a,24415108,download
GSE140829,external blood input,https://ftp.ncbi.nlm.nih.gov/geo/series/GSE140nnn/GSE140829/suppl/GSE140829_final_normalized_data.txt.gz,workflow/analysis_stage26/raw/GSE140829_final_normalized_data.txt.gz,28613d74484a130cfe7f00034db6ae7358983adb50a1e8b01fb2d1e17ae1798b,72571520,download
GSE140829,external blood input,https://ftp.ncbi.nlm.nih.gov/geo/series/GSE140nnn/GSE140829/matrix/GSE140829_series_matrix.txt.gz,workflow/analysis_stage26/raw/GSE140829_series_matrix.txt.gz,be4f08a2cb01fe912a764df66fd654dec70d9e1ecd36bded00b675b27e7f83f3,226272058,download
