source_project_relative,repository_file,source_sha256,packaged_sha256,transformation
研究设计/路线二数据/analysis_stage22/run_revision.py,workflow/analysis_stage22/run_revision.py,2e69eac428ad349c44503cab386c3f40f4e27aa89fea875489850a5c19b53e76,2e69eac428ad349c44503cab386c3f40f4e27aa89fea875489850a5c19b53e76,none
研究设计/路线二数据/analysis_stage22/nested_validation.py,workflow/analysis_stage22/nested_validation.py,3f2b746d93f835c99ae2f73a13b9fb66b08a83c596a475f1b10f3074e3c8688e,3f2b746d93f835c99ae2f73a13b9fb66b08a83c596a475f1b10f3074e3c8688e,none
研究设计/路线二数据/analysis_stage22/conformal_foldlocal.py,workflow/analysis_stage22/conformal_foldlocal.py,d3b3c5e8c7961e5ba0570986547d5534f977f187b7f8f56176e94258bb3ee3bf,d3b3c5e8c7961e5ba0570986547d5534f977f187b7f8f56176e94258bb3ee3bf,none
研究设计/路线二数据/analysis_stage26/download_external.py,workflow/analysis_stage26/download_external.py,20aa32dbf1c4e5ab5a85181cfb57a093fa7f87cb67f9c09270a1648643afd8b3,20aa32dbf1c4e5ab5a85181cfb57a093fa7f87cb67f9c09270a1648643afd8b3,none
研究设计/路线二数据/analysis_stage26/external_transport.py,workflow/analysis_stage26/external_transport.py,14accaa4b7070ef3a1988fc9f3749d57db7cabc555c1707b5dcc94acff40200b,14accaa4b7070ef3a1988fc9f3749d57db7cabc555c1707b5dcc94acff40200b,none
研究设计/路线二数据/analysis_stage26/effect_reproducibility.py,workflow/analysis_stage26/effect_reproducibility.py,089b088156bb0c51810c4a0ee19eb6ccbc24e6b4b910330850f3c4cc66fcf5e3,089b088156bb0c51810c4a0ee19eb6ccbc24e6b4b910330850f3c4cc66fcf5e3,none
研究设计/路线二数据/analysis_stage26/clinical_increment.py,workflow/analysis_stage26/clinical_increment.py,8e3bf5dae97545b23bb9e31d42d5928305d4b25734bca715698ea2e452739bc2,8e3bf5dae97545b23bb9e31d42d5928305d4b25734bca715698ea2e452739bc2,none
研究设计/路线二数据/analysis_stage26/local_relearn.py,workflow/analysis_stage26/local_relearn.py,4ccc9c2e9c4d6e9ac5926f75225e3ada5b733938df624a4f49634a00f1adb630,4ccc9c2e9c4d6e9ac5926f75225e3ada5b733938df624a4f49634a00f1adb630,none
研究设计/路线二数据/analysis_stage26/spectrum_endpoint.py,workflow/analysis_stage26/spectrum_endpoint.py,187494acf0b53a9e46372ab68bd155c68cf55ff1aa29f3c51c5593928bc1686f,187494acf0b53a9e46372ab68bd155c68cf55ff1aa29f3c51c5593928bc1686f,none
研究设计/路线二数据/analysis_stage26/inspect_external.py,workflow/analysis_stage26/inspect_external.py,152fb0e9534217715774757396d60669b05e8e9a0d951b9351364851ae85968b,152fb0e9534217715774757396d60669b05e8e9a0d951b9351364851ae85968b,none
研究设计/路线二数据/analysis_stage27/download_gse249477.py,workflow/analysis_stage27/download_gse249477.py,f74eb6fd066cb245808b482228b718fea5cf4d67265c30e48f6a14dfad27c889,f74eb6fd066cb245808b482228b718fea5cf4d67265c30e48f6a14dfad27c889,none
研究设计/路线二数据/analysis_stage27/eligibility_gse249477.py,workflow/analysis_stage27/eligibility_gse249477.py,8806cf821b58f62bded60a2b0f3e803ca84f4c9b844431fd47fb2e6cac86e43a,8806cf821b58f62bded60a2b0f3e803ca84f4c9b844431fd47fb2e6cac86e43a,none
研究设计/路线二数据/analysis_stage27/score_gse249477.py,workflow/analysis_stage27/score_gse249477.py,8bc9b25fb2d680c4d6580afce7375cacff99c6f50c960409880d3acbf84718b8,8bc9b25fb2d680c4d6580afce7375cacff99c6f50c960409880d3acbf84718b8,none
研究设计/路线二数据/analysis_stage27/reference_composition_sensitivity.py,workflow/analysis_stage27/reference_composition_sensitivity.py,656e449427e3fa42a2728b111a6e7a30c29a5554aadc9f6af733cfe9f4b9b2bf,656e449427e3fa42a2728b111a6e7a30c29a5554aadc9f6af733cfe9f4b9b2bf,none
研究设计/路线二数据/analysis_stage27/random_panel_bias.py,workflow/analysis_stage27/random_panel_bias.py,73fbc820fa154f116033deb7bdddc4c81d9235fc0726f9599287b04b640181af,73fbc820fa154f116033deb7bdddc4c81d9235fc0726f9599287b04b640181af,none
研究设计/路线二数据/analysis_stage28/score_gse248417.py,workflow/analysis_stage28/score_gse248417.py,c0835004c07c5f903d41772e7ed8d8b716e385a6498aa6f47e6caa17ebe89940,c0835004c07c5f903d41772e7ed8d8b716e385a6498aa6f47e6caa17ebe89940,none
研究设计/路线二数据/analysis_stage28/reference_composition_gse248417.py,workflow/analysis_stage28/reference_composition_gse248417.py,9945275a9ef27c369d311e5951bbcb4d4ec2eed96b37361e96bcacbb6ebe23ac,9945275a9ef27c369d311e5951bbcb4d4ec2eed96b37361e96bcacbb6ebe23ac,none
研究设计/路线二数据/analysis_stage28/external_baseline_benchmark.py,workflow/analysis_stage28/external_baseline_benchmark.py,ff44dacff39ee0fd72f7cdbcfb3a77458263bbeb113de246ecdd313b085ed2dd,ff44dacff39ee0fd72f7cdbcfb3a77458263bbeb113de246ecdd313b085ed2dd,none
研究设计/路线二数据/analysis_stage32_marker_pivot/parse_brain_resource.py,workflow/analysis_stage32_marker_pivot/parse_brain_resource.py,d809bb99a8722fa029c9a915f66724adc5084f3eba1148d7968b8c7c81b4571a,d809bb99a8722fa029c9a915f66724adc5084f3eba1148d7968b8c7c81b4571a,none
研究设计/路线二数据/analysis_stage32_marker_pivot/parse_sea_ad_markers.py,workflow/analysis_stage32_marker_pivot/parse_sea_ad_markers.py,b717c9e5ae2499b95255ce34c357ec53f718029e3b973ca3ed63bed9dc239ad6,b717c9e5ae2499b95255ce34c357ec53f718029e3b973ca3ed63bed9dc239ad6,none
研究设计/路线二数据/analysis_stage32_marker_pivot/run_brain_marker_pilot.py,workflow/analysis_stage32_marker_pivot/run_brain_marker_pilot.py,f1c103574a699fb0d97a772e1029bc8779cdee73a8684e16469c88de0d319dd4,f1c103574a699fb0d97a772e1029bc8779cdee73a8684e16469c88de0d319dd4,none
研究设计/路线二数据/analysis_stage32_marker_pivot/BRAIN_MARKER_PROTOCOL.md,workflow/analysis_stage32_marker_pivot/BRAIN_MARKER_PROTOCOL.md,b73dae9b505157dbf6e0b87904db3b202cbc97547d8328849280b1b146e2aa5e,b73dae9b505157dbf6e0b87904db3b202cbc97547d8328849280b1b146e2aa5e,none
研究设计/路线二数据/analysis_stage32_marker_pivot/PILOT_PROTOCOL.md,workflow/analysis_stage32_marker_pivot/PILOT_PROTOCOL.md,801c5f050c8271426cd184c54a532c16c38e013066cba3454360dcfb1a66f636,801c5f050c8271426cd184c54a532c16c38e013066cba3454360dcfb1a66f636,none
研究设计/路线二数据/analysis_stage33_seaad_pairing/download_pseudobulk.py,workflow/analysis_stage33_seaad_pairing/download_pseudobulk.py,2a05de126ce6f90ff33bb2bf46c8563af9d82c21f41463facf3c3e1e17d49d9d,2a05de126ce6f90ff33bb2bf46c8563af9d82c21f41463facf3c3e1e17d49d9d,none
研究设计/路线二数据/analysis_stage33_seaad_pairing/inspect_pseudobulk.py,workflow/analysis_stage33_seaad_pairing/inspect_pseudobulk.py,216508935b34f8e55ee1128ce9451d0670387144971c24c498ad1475a398bb58,216508935b34f8e55ee1128ce9451d0670387144971c24c498ad1475a398bb58,none
研究设计/路线二数据/analysis_stage33_seaad_pairing/pair_pseudobulk.py,workflow/analysis_stage33_seaad_pairing/pair_pseudobulk.py,b384076107199a6d0799a1f6431dbf13ffd6b728e499d0d1419b55018d327a79,b384076107199a6d0799a1f6431dbf13ffd6b728e499d0d1419b55018d327a79,none
研究设计/路线二数据/analysis_stage33_seaad_pairing/SEA_AD_BASELINE_PROTOCOL.md,workflow/analysis_stage33_seaad_pairing/SEA_AD_BASELINE_PROTOCOL.md,a5401a36f0c998a31b870da44fc909fc8525db0b9992cf696e1e3c96cb667822,a5401a36f0c998a31b870da44fc909fc8525db0b9992cf696e1e3c96cb667822,none
研究设计/路线二数据/analysis_stage35_target_specific/run_target_specific.py,workflow/analysis_stage35_target_specific/run_target_specific.py,de676a75dcd00026957f6c65f65c7d80b49f21e077d05cda16bfc05d235c5b3c,de676a75dcd00026957f6c65f65c7d80b49f21e077d05cda16bfc05d235c5b3c,none
研究设计/路线二数据/analysis_stage35_target_specific/run_no_mito_sensitivity.py,workflow/analysis_stage35_target_specific/run_no_mito_sensitivity.py,24742034fec41ec4c7b8fa593b8892ad4eb46545e260b00fd80b6c73830c0236,24742034fec41ec4c7b8fa593b8892ad4eb46545e260b00fd80b6c73830c0236,none
研究设计/路线二数据/analysis_stage35_target_specific/PROTOCOL.md,workflow/analysis_stage35_target_specific/PROTOCOL.md,c2d26bc84f46ea8b20d3c94c5095b91f671140ba0d5bd6bddf2b9b5caee3d6c9,c2d26bc84f46ea8b20d3c94c5095b91f671140ba0d5bd6bddf2b9b5caee3d6c9,none
研究设计/路线二数据/analysis_stage35_target_specific/SENSITIVITY_PROTOCOL.md,workflow/analysis_stage35_target_specific/SENSITIVITY_PROTOCOL.md,6c9afa5c03c09cd70cf1702328accbdecc075925567be3424074d4008215fd71,6c9afa5c03c09cd70cf1702328accbdecc075925567be3424074d4008215fd71,none
研究设计/路线二数据/analysis_stage37_signal_audit/run_quality_audit.py,workflow/analysis_stage37_signal_audit/run_quality_audit.py,5604f7e2a185b47ec05af347c8395ad4c634be0f72507d52ab0b5795c1568bd1,5604f7e2a185b47ec05af347c8395ad4c634be0f72507d52ab0b5795c1568bd1,none
研究设计/路线二数据/analysis_stage37_signal_audit/analyze_audit.py,workflow/analysis_stage37_signal_audit/analyze_audit.py,e6914038bff319f565507d773fdb3145387981e7ded259e5b50b13732b279f6a,e6914038bff319f565507d773fdb3145387981e7ded259e5b50b13732b279f6a,none
研究设计/路线二数据/analysis_stage37_signal_audit/verify_replay.py,workflow/analysis_stage37_signal_audit/verify_replay.py,6b9659aa72997fb5e12afa1840ccfbe5fb5ac3ae229174437bf431026e3bf165,6b9659aa72997fb5e12afa1840ccfbe5fb5ac3ae229174437bf431026e3bf165,none
研究设计/路线二数据/analysis_stage37_signal_audit/PROTOCOL.md,workflow/analysis_stage37_signal_audit/PROTOCOL.md,2085090242e238fed77c5148602ed8dfa676a267e2b5200f7ffc0ace77727b55,2085090242e238fed77c5148602ed8dfa676a267e2b5200f7ffc0ace77727b55,none
研究设计/路线二数据/analysis_stage39_tau_panel/run_panel.py,workflow/analysis_stage39_tau_panel/run_panel.py,eb79b46663772a42de11b1c14062a60c3d24c137ba8eed82a0c515a897c75103,eb79b46663772a42de11b1c14062a60c3d24c137ba8eed82a0c515a897c75103,none
研究设计/路线二数据/analysis_stage39_tau_panel/run_permutations.py,workflow/analysis_stage39_tau_panel/run_permutations.py,ca4e716c235c141b78a0561e605dca3bc9a9c78560a567afd3bf8f15a7d95b25,ca4e716c235c141b78a0561e605dca3bc9a9c78560a567afd3bf8f15a7d95b25,none
研究设计/路线二数据/analysis_stage39_tau_panel/run_region_null.py,workflow/analysis_stage39_tau_panel/run_region_null.py,588879e1ce364bca57e94b7a693301c9690bd0eaeeaedd6fc6a91f5486551672,588879e1ce364bca57e94b7a693301c9690bd0eaeeaedd6fc6a91f5486551672,none
研究设计/路线二数据/analysis_stage39_tau_panel/run_nuclear_sensitivity.py,workflow/analysis_stage39_tau_panel/run_nuclear_sensitivity.py,14873fcd51ec56a34052d369adc9d2cc75fb776b65c44126f0d797ae0b04564b,14873fcd51ec56a34052d369adc9d2cc75fb776b65c44126f0d797ae0b04564b,none
研究设计/路线二数据/analysis_stage39_tau_panel/freeze_predictors.py,workflow/analysis_stage39_tau_panel/freeze_predictors.py,c7d2e41797386778c7f26304c2eaf8cd6d5ce991df7f6ea0900803eda54cc320,c7d2e41797386778c7f26304c2eaf8cd6d5ce991df7f6ea0900803eda54cc320,none
研究设计/路线二数据/analysis_stage39_tau_panel/predict_saved.py,workflow/analysis_stage39_tau_panel/predict_saved.py,f5611047614e4dde138bbe86626fa2e40d6ff7715348932c20110ed3fc562894,f5611047614e4dde138bbe86626fa2e40d6ff7715348932c20110ed3fc562894,none
研究设计/路线二数据/analysis_stage39_tau_panel/summarize_panel.py,workflow/analysis_stage39_tau_panel/summarize_panel.py,248720c86684d1900c26605988863d83c9eae3c4b4ca58ac8461e69fbeed3e1b,248720c86684d1900c26605988863d83c9eae3c4b4ca58ac8461e69fbeed3e1b,none
研究设计/路线二数据/analysis_stage39_tau_panel/NUCLEAR_SENSITIVITY_AMENDMENT.md,workflow/analysis_stage39_tau_panel/NUCLEAR_SENSITIVITY_AMENDMENT.md,3ed4e9003339c3c35baf33cccebd9b98a098e9b6a58ded389fd5e1ef9afcf906,3ed4e9003339c3c35baf33cccebd9b98a098e9b6a58ded389fd5e1ef9afcf906,none
研究设计/路线二数据/analysis_stage39_tau_panel/PERMUTATION_PRECISION_AMENDMENT.md,workflow/analysis_stage39_tau_panel/PERMUTATION_PRECISION_AMENDMENT.md,2b27b1a4ae6ba2b947c67a40b8e145f9190441b2138e6d63bbe7b4dab93a9f68,2b27b1a4ae6ba2b947c67a40b8e145f9190441b2138e6d63bbe7b4dab93a9f68,none
研究设计/路线二数据/analysis_stage39_tau_panel/PROTOCOL.md,workflow/analysis_stage39_tau_panel/PROTOCOL.md,7a91dbfb83c5bdc2f40d1eb73c2d23f8a0f47da8a43674384123847eb3a483ba,7a91dbfb83c5bdc2f40d1eb73c2d23f8a0f47da8a43674384123847eb3a483ba,none
研究设计/路线二数据/analysis_stage40_multiview/run_benchmark.py,workflow/analysis_stage40_multiview/run_benchmark.py,6b14053e08d8f88a0ba10e5729367049b9e98a78cfaaa410b6034f6429c62b4f,6b14053e08d8f88a0ba10e5729367049b9e98a78cfaaa410b6034f6429c62b4f,none
研究设计/路线二数据/analysis_stage40_multiview/replay_benchmark.py,workflow/analysis_stage40_multiview/replay_benchmark.py,9c487aa3345a9dd55b647131de718cf815ac61170f0e6554f77c97819e8a1890,9c487aa3345a9dd55b647131de718cf815ac61170f0e6554f77c97819e8a1890,none
研究设计/路线二数据/analysis_stage40_multiview/run_quality_rf.py,workflow/analysis_stage40_multiview/run_quality_rf.py,820dd650894f30bc1bd4b2b1e7499d09cd0ec81194c8a032581f2fb496e97911,820dd650894f30bc1bd4b2b1e7499d09cd0ec81194c8a032581f2fb496e97911,none
研究设计/路线二数据/analysis_stage40_multiview/run_rf_ablation.py,workflow/analysis_stage40_multiview/run_rf_ablation.py,25c21832c1bc016cd2c574a30a554803a20d3b0b59dc0013c13b8ba9ae84032a,25c21832c1bc016cd2c574a30a554803a20d3b0b59dc0013c13b8ba9ae84032a,none
研究设计/路线二数据/analysis_stage40_multiview/run_transport.py,workflow/analysis_stage40_multiview/run_transport.py,d3e3198ea90537d3f1d895816851c1b7b67e71ca2a79f611e67a76fb16e2ccae,d3e3198ea90537d3f1d895816851c1b7b67e71ca2a79f611e67a76fb16e2ccae,none
研究设计/路线二数据/analysis_stage40_multiview/summarize.py,workflow/analysis_stage40_multiview/summarize.py,e13c6900cda6c29acfb8f609120929c52e2af59bfcd58cb8035b388405005a24,e13c6900cda6c29acfb8f609120929c52e2af59bfcd58cb8035b388405005a24,none
研究设计/路线二数据/analysis_stage40_multiview/summarize_followups.py,workflow/analysis_stage40_multiview/summarize_followups.py,5a6d32eea7d580e82123eb8758f1da49c2d6731c46a64f11055f6605f8944280,5a6d32eea7d580e82123eb8758f1da49c2d6731c46a64f11055f6605f8944280,none
研究设计/路线二数据/analysis_stage40_multiview/PROTOCOL.md,workflow/analysis_stage40_multiview/PROTOCOL.md,618bc49f3280fc709d964eae5bc48f79132bdfd0ef304eb42f6f8a2460cce821,618bc49f3280fc709d964eae5bc48f79132bdfd0ef304eb42f6f8a2460cce821,none
研究设计/路线二数据/analysis_stage40_multiview/QUALITY_RF_AMENDMENT.md,workflow/analysis_stage40_multiview/QUALITY_RF_AMENDMENT.md,51c68f782c25eb9e68f625e6c85f27b6539b7364943f12fd38c2fe140ea17dff,51c68f782c25eb9e68f625e6c85f27b6539b7364943f12fd38c2fe140ea17dff,none
研究设计/路线二数据/analysis_stage40_multiview/TRANSPORT_STRESS_PROTOCOL.md,workflow/analysis_stage40_multiview/TRANSPORT_STRESS_PROTOCOL.md,37e788e4dd4f5170b87bd03666714fe3505d5d2a1b6f31546633d94c5bc7c99f,37e788e4dd4f5170b87bd03666714fe3505d5d2a1b6f31546633d94c5bc7c99f,none
研究设计/路线二数据/analysis_stage41_independent_glia/prepare_downloads.py,workflow/analysis_stage41_independent_glia/prepare_downloads.py,e2abc0448253f38ee71607e4482884b5fd2973199e33a0121973a05502bd54bb,e2abc0448253f38ee71607e4482884b5fd2973199e33a0121973a05502bd54bb,none
研究设计/路线二数据/analysis_stage41_independent_glia/process_counts.py,workflow/analysis_stage41_independent_glia/process_counts.py,2551d3c1893d63413e01467248e2d056611064310038a5f88b64fbec5c4ba9d0,2551d3c1893d63413e01467248e2d056611064310038a5f88b64fbec5c4ba9d0,none
研究设计/路线二数据/analysis_stage41_independent_glia/check_group_dependence.py,workflow/analysis_stage41_independent_glia/check_group_dependence.py,9cf9bbec7c0f871b04f958ed364752e588c82aab6fb766a9357614f3f2bf994d,9cf9bbec7c0f871b04f958ed364752e588c82aab6fb766a9357614f3f2bf994d,none
研究设计/路线二数据/analysis_stage41_independent_glia/summarize_external.py,workflow/analysis_stage41_independent_glia/summarize_external.py,542697d21525f2c0069c38d43fe0394351fe2178120ed62ad6ef70dfa4a7b690,542697d21525f2c0069c38d43fe0394351fe2178120ed62ad6ef70dfa4a7b690,none
研究设计/路线二数据/analysis_stage41_independent_glia/PROTOCOL.md,workflow/analysis_stage41_independent_glia/PROTOCOL.md,6ded14c5da38dfe86f95c9f5daf7cf1225efde07dc6539b91bc252bad5ee7eb7,6ded14c5da38dfe86f95c9f5daf7cf1225efde07dc6539b91bc252bad5ee7eb7,none
研究设计/路线二数据/analysis_stage50_triage_bridge/extract_paired_pseudobulk.py,workflow/analysis_stage50_triage_bridge/extract_paired_pseudobulk.py,5a285fd70cc857437d144ae77c602c5dc872b8cf5d2c9bd0d8235e18f852cb7c,5a285fd70cc857437d144ae77c602c5dc872b8cf5d2c9bd0d8235e18f852cb7c,none
研究设计/路线二数据/analysis_stage50_triage_bridge/http_range_io.py,workflow/analysis_stage50_triage_bridge/http_range_io.py,56b1b4ad1aeae2b7e5b054fdf08b464a55a7a793d9ebf9e6b2b1d7b2693b0807,56b1b4ad1aeae2b7e5b054fdf08b464a55a7a793d9ebf9e6b2b1d7b2693b0807,none
研究设计/路线二数据/analysis_stage50_triage_bridge/inspect_paired_hdf5.py,workflow/analysis_stage50_triage_bridge/inspect_paired_hdf5.py,b4c848aa204ce82e7d12ac78f5ddf87bd5ba89dd0625aa37bd03a5e13a012121,b4c848aa204ce82e7d12ac78f5ddf87bd5ba89dd0625aa37bd03a5e13a012121,none
研究设计/路线二数据/analysis_stage50_triage_bridge/run_triage_immune_audit.py,workflow/analysis_stage50_triage_bridge/run_triage_immune_audit.py,de7b75e101d77b6903b56bbddef804fa4e45c5f57a6dd6cfc05e40c390a7fad7,de7b75e101d77b6903b56bbddef804fa4e45c5f57a6dd6cfc05e40c390a7fad7,none
研究设计/路线二数据/analysis_stage50_triage_bridge/run_protein_pilot.py,workflow/analysis_stage50_triage_bridge/run_protein_pilot.py,32fd478c410de0ca0348d79d5a652e6a28ed288529d8c0d8e2990111b067ce58,32fd478c410de0ca0348d79d5a652e6a28ed288529d8c0d8e2990111b067ce58,none
研究设计/路线二数据/analysis_stage50_triage_bridge/check_protein_batch_transport.py,workflow/analysis_stage50_triage_bridge/check_protein_batch_transport.py,162e85bd55191daa672ed085f5f460ff50cee1a5c3a2c54a6c85fd692e41c53c,162e85bd55191daa672ed085f5f460ff50cee1a5c3a2c54a6c85fd692e41c53c,none
研究设计/路线二数据/analysis_stage50_triage_bridge/audit_genetic_and_protein_specificity.py,workflow/analysis_stage50_triage_bridge/audit_genetic_and_protein_specificity.py,a31ce353d6e77a41b2ad83f8b420490fb37cabe74c41ec7ad336e9cf938a03f6,a31ce353d6e77a41b2ad83f8b420490fb37cabe74c41ec7ad336e9cf938a03f6,none
研究设计/路线二数据/analysis_stage50_triage_bridge/execution_protocol.json,workflow/analysis_stage50_triage_bridge/execution_protocol.json,384db55d4bcd1f2bf94c4b38133fa67fea20dccd061cece27986e2c06716d9cf,384db55d4bcd1f2bf94c4b38133fa67fea20dccd061cece27986e2c06716d9cf,none
研究设计/路线二数据/analysis_stage53_measured_blood_anchor/run_measured_anchor_pilot.py,workflow/analysis_stage53_measured_blood_anchor/run_measured_anchor_pilot.py,9f9d86d7bf76e2496d0b1fa6cba73aa058d00bb2232cbd7a82152d03d9412ddb,9f9d86d7bf76e2496d0b1fa6cba73aa058d00bb2232cbd7a82152d03d9412ddb,none
研究设计/路线二数据/analysis_stage53_measured_blood_anchor/freeze_and_verify_predictor.py,workflow/analysis_stage53_measured_blood_anchor/freeze_and_verify_predictor.py,09b0b05069c66fcfb9e224ff9e025d76719cecad9d8b2d00a9f59adfd875afb9,09b0b05069c66fcfb9e224ff9e025d76719cecad9d8b2d00a9f59adfd875afb9,none
研究设计/路线二数据/analysis_stage53_measured_blood_anchor/replay_verify.py,workflow/analysis_stage53_measured_blood_anchor/replay_verify.py,01d6cd49ca7470c57379702dfe4e48f022c9626df4ef8d82b8a1db209bdaf9e9,01d6cd49ca7470c57379702dfe4e48f022c9626df4ef8d82b8a1db209bdaf9e9,none
研究设计/路线二数据/analysis_stage53_measured_blood_anchor/execution_protocol.json,workflow/analysis_stage53_measured_blood_anchor/execution_protocol.json,55697feda3c8ce62a73ec097cd4baa5be279c501ae8e3faeaae17cdd7eaab2e3,55697feda3c8ce62a73ec097cd4baa5be279c501ae8e3faeaae17cdd7eaab2e3,none
研究设计/路线二数据/analysis_stage53_measured_blood_anchor/lock_transport_predictor_protocol.json,workflow/analysis_stage53_measured_blood_anchor/lock_transport_predictor_protocol.json,84c0cb83ed40ca91f347e8e08cceaa3c4938dfae7ced665e38de12947d00fb19,84c0cb83ed40ca91f347e8e08cceaa3c4938dfae7ced665e38de12947d00fb19,none
研究设计/路线二数据/analysis_stage54_soundlife_external/prepare_soundlife.py,workflow/analysis_stage54_soundlife_external/prepare_soundlife.py,5ba9a173d00cae1f591c6f1ce843299f50dadbaa518bd1e8d2e96c7588a0e0d0,5ba9a173d00cae1f591c6f1ce843299f50dadbaa518bd1e8d2e96c7588a0e0d0,none
研究设计/路线二数据/analysis_stage54_soundlife_external/run_external_validation.py,workflow/analysis_stage54_soundlife_external/run_external_validation.py,e3f114f5973bdee01c694c2341d1d15b5a2244cb824320dae075f7366cba7b60,e3f114f5973bdee01c694c2341d1d15b5a2244cb824320dae075f7366cba7b60,none
研究设计/路线二数据/analysis_stage54_soundlife_external/verify_and_replay.py,workflow/analysis_stage54_soundlife_external/verify_and_replay.py,1cd4bf12675e43e43a7f5cbbbfe00f1df2be1b78fdb29fcccfbb1279a9801d61,1cd4bf12675e43e43a7f5cbbbfe00f1df2be1b78fdb29fcccfbb1279a9801d61,none
研究设计/路线二数据/analysis_stage54_soundlife_external/execution_protocol.json,workflow/analysis_stage54_soundlife_external/execution_protocol.json,ef2ef47eda6b7a061e382ee9011735c563e1b691820480fffded52ae8e037832,ef2ef47eda6b7a061e382ee9011735c563e1b691820480fffded52ae8e037832,none
研究设计/路线二数据/analysis_stage55_measurement_anchored_triage/run_anchored_triage_audit.py,workflow/analysis_stage55_measurement_anchored_triage/run_anchored_triage_audit.py,878df69ae96600cb3e6e313a0e1dc9f85dc403aa8acb955295fcb39ccfa49cea,878df69ae96600cb3e6e313a0e1dc9f85dc403aa8acb955295fcb39ccfa49cea,none
研究设计/路线二数据/analysis_stage55_measurement_anchored_triage/verify_replay_and_balance.py,workflow/analysis_stage55_measurement_anchored_triage/verify_replay_and_balance.py,1f18bbdf4484435723b02bdc68dc2c10da18bb7c603284d53e38392fafb77321,1f18bbdf4484435723b02bdc68dc2c10da18bb7c603284d53e38392fafb77321,none
研究设计/路线二数据/analysis_stage55_measurement_anchored_triage/execution_protocol.json,workflow/analysis_stage55_measurement_anchored_triage/execution_protocol.json,4598c32960d88d8bb4afd3cbb39da78bd4d524ce51e64e438c923b488c6ead1d,4598c32960d88d8bb4afd3cbb39da78bd4d524ce51e64e438c923b488c6ead1d,none
研究设计/路线二数据/analysis_stage56_fair_immune_benchmark/prepare_fair_benchmark.py,workflow/analysis_stage56_fair_immune_benchmark/prepare_fair_benchmark.py,5ff30be1bbd9728820d8d0595f0332a2a25e1456ab500bc1dc42ea11bc426ee3,5ff30be1bbd9728820d8d0595f0332a2a25e1456ab500bc1dc42ea11bc426ee3,none
研究设计/路线二数据/analysis_stage56_fair_immune_benchmark/run_fair_benchmark.py,workflow/analysis_stage56_fair_immune_benchmark/run_fair_benchmark.py,7208a670f8e42774ff47d2befd762250f55a25611acc13a4f04568c9a9e4cf7f,7208a670f8e42774ff47d2befd762250f55a25611acc13a4f04568c9a9e4cf7f,none
研究设计/路线二数据/analysis_stage56_fair_immune_benchmark/verify_and_diagnose.py,workflow/analysis_stage56_fair_immune_benchmark/verify_and_diagnose.py,2a9d9476e5cc2708c88417898c1a16c4fa4e58f1ab79be7b9cdfd28622382214,2a9d9476e5cc2708c88417898c1a16c4fa4e58f1ab79be7b9cdfd28622382214,none
研究设计/路线二数据/analysis_stage56_fair_immune_benchmark/execution_protocol.json,workflow/analysis_stage56_fair_immune_benchmark/execution_protocol.json,bbfb48af4d382de70611e4aeb7ce3b3ba43fef7c5787309a5baf4c52ba59413b,bbfb48af4d382de70611e4aeb7ce3b3ba43fef7c5787309a5baf4c52ba59413b,none
研究设计/路线二数据/analysis_stage57_external_resource_audit/audit_resources.py,workflow/analysis_stage57_external_resource_audit/audit_resources.py,b69fbccd1a04b7a6ef7000706cdc8fc0a5ef1d25508bda46769ff5d111c6ef97,b69fbccd1a04b7a6ef7000706cdc8fc0a5ef1d25508bda46769ff5d111c6ef97,none
研究设计/路线二数据/analysis_stage57_external_resource_audit/fetch_audit_inputs.py,workflow/analysis_stage57_external_resource_audit/fetch_audit_inputs.py,a3779fcf4b115ba9eea1b3e7a3eeb6e5c9967a5d89867c665faa1f5423034deb,a3779fcf4b115ba9eea1b3e7a3eeb6e5c9967a5d89867c665faa1f5423034deb,none
研究设计/路线二数据/analysis_stage57_external_resource_audit/fetch_batch_biosamples.py,workflow/analysis_stage57_external_resource_audit/fetch_batch_biosamples.py,fe99f4fca2330e0c15d7279708a9ffe70177951d426b4ad25ffbb7ceaeaf8fb4,fe99f4fca2330e0c15d7279708a9ffe70177951d426b4ad25ffbb7ceaeaf8fb4,none
研究设计/路线二数据/analysis_stage57_external_resource_audit/fetch_followup_metadata.py,workflow/analysis_stage57_external_resource_audit/fetch_followup_metadata.py,bbfd2ebe9ca0f95e02374f58fb3ce0f5791d567694f3294cd18f601fa3e5bc31,bbfd2ebe9ca0f95e02374f58fb3ce0f5791d567694f3294cd18f601fa3e5bc31,none
研究设计/路线二数据/analysis_stage58_exact_MCP_benchmark/prepare_official_inputs.py,workflow/analysis_stage58_exact_MCP_benchmark/prepare_official_inputs.py,123b3a78ecc5040a6f097b6da58d4d7b0a45e434c3fbb5a029a03ac9b156157a,123b3a78ecc5040a6f097b6da58d4d7b0a45e434c3fbb5a029a03ac9b156157a,none
研究设计/路线二数据/analysis_stage58_exact_MCP_benchmark/run_official_MCP.R,workflow/analysis_stage58_exact_MCP_benchmark/run_official_MCP.R,1783f5550873cd8a3f1e985fbc37a5b3995eafdc4dbf82d4b93f41dc7d6eee08,1783f5550873cd8a3f1e985fbc37a5b3995eafdc4dbf82d4b93f41dc7d6eee08,none
研究设计/路线二数据/analysis_stage58_exact_MCP_benchmark/run_benchmark.py,workflow/analysis_stage58_exact_MCP_benchmark/run_benchmark.py,691ef32799c128cfd108fb0f1f58fdab40fa534ea424a6a20e0df1b376a45184,691ef32799c128cfd108fb0f1f58fdab40fa534ea424a6a20e0df1b376a45184,none
研究设计/路线二数据/analysis_stage58_exact_MCP_benchmark/execution_protocol.json,workflow/analysis_stage58_exact_MCP_benchmark/execution_protocol.json,bc2cb90b3d0a495929dfe72468e6c6e31bad3d90250099e66bc6b1ebf26830e5,bc2cb90b3d0a495929dfe72468e6c6e31bad3d90250099e66bc6b1ebf26830e5,none
研究设计/路线二数据/analysis_stage62_round1_figure_review/build_bioinformatics_figures.py,workflow/analysis_stage62_round1_figure_review/build_bioinformatics_figures.py,bdf2f65f3eecb63d7d68d234263c4ace75df13652ba9eb531740f0feeb03fbd7,bdf2f65f3eecb63d7d68d234263c4ace75df13652ba9eb531740f0feeb03fbd7,none
路线二_JBI投稿材料_20261004/03_reproducibility/frozen_models/frozen_pca_modules.csv,workflow/modules/frozen_pca_modules.csv,45c28b8b10035c6391cf5b144c7b410fc9020c76488f6e0cb8de721f61a83166,45c28b8b10035c6391cf5b144c7b410fc9020c76488f6e0cb8de721f61a83166,none
路线二_JBI投稿材料_20261004/03_reproducibility/frozen_models/primary_classifier_parameters.json,workflow/metadata/stage22/primary_classifier_parameters.json,25d4178a66b7d56c13d99b7382dacd1ff401cb65efb658a5c6e0d5ad116b84c5,25d4178a66b7d56c13d99b7382dacd1ff401cb65efb658a5c6e0d5ad116b84c5,none
路线二_JBI投稿材料_20261004/03_reproducibility/frozen_models/locked_neutrophil_factor_predictor.npz,workflow/analysis_stage53_measured_blood_anchor/locked_neutrophil_factor_predictor.npz,1cf23a1a82e1adb4fef00fa6b56d1bef52cf2bd11c6847f7c4bebc33a9ecc424,1cf23a1a82e1adb4fef00fa6b56d1bef52cf2bd11c6847f7c4bebc33a9ecc424,none
路线二_JBI投稿材料_20261004/03_reproducibility/frozen_models/locked_predictor_parameters.json,workflow/analysis_stage53_measured_blood_anchor/locked_predictor_parameters.json,2487c09c0d24f149d7d387f0de60b566ad4beeae3fa051464b6b0105649e5056,2487c09c0d24f149d7d387f0de60b566ad4beeae3fa051464b6b0105649e5056,none
研究设计/路线二数据/analysis_stage54_soundlife_external/calibration_parameters.json,workflow/analysis_stage54_soundlife_external/calibration_parameters.json,fed150de778b3b240196535af5af5e6156d5a08e3c860cbd16559fe149bc8c8f,fed150de778b3b240196535af5af5e6156d5a08e3c860cbd16559fe149bc8c8f,none
研究设计/路线二数据/analysis_stage58_exact_MCP_benchmark/source_official_MCP8_parameters.json,workflow/analysis_stage58_exact_MCP_benchmark/source_official_MCP8_parameters.json,f628987f82711eeac68ba280ea4290f956184875625bfad6501783155d1ac0dd,f628987f82711eeac68ba280ea4290f956184875625bfad6501783155d1ac0dd,none
路线二_JBI投稿材料_20261004/03_reproducibility/frozen_models/primary_classifier_parameters.json,workflow/overleaf_upload_route2_v7/source_data/stage22/primary_classifier_parameters.json,25d4178a66b7d56c13d99b7382dacd1ff401cb65efb658a5c6e0d5ad116b84c5,25d4178a66b7d56c13d99b7382dacd1ff401cb65efb658a5c6e0d5ad116b84c5,none
路线二_JBI投稿材料_20261004/03_reproducibility/source_data/measurement_anchor/manuscript_numbers.json,results/blood_anchor/manuscript_numbers.json,c9e89715474280933fae66e19061b9d0b01d2f0719dcdb6569a15cdd27fd4b35,c9e89715474280933fae66e19061b9d0b01d2f0719dcdb6569a15cdd27fd4b35,none
路线二_JBI投稿材料_20261004/03_reproducibility/source_data/measurement_anchor/clinical_transport.csv,results/blood_anchor/clinical_transport.csv,d30475823f875c4e1fc0edec83c829f54ab848301d75b8bce623750c0ec67edb,d30475823f875c4e1fc0edec83c829f54ab848301d75b8bce623750c0ec67edb,none
路线二_JBI投稿材料_20261004/03_reproducibility/source_data/measurement_anchor/factor_associations.csv,results/blood_anchor/factor_associations.csv,d816851bd6e02d862538669485a2eef43f1780f34fcaa24adaa8887e3ef85ed7,d816851bd6e02d862538669485a2eef43f1780f34fcaa24adaa8887e3ef85ed7,none
路线二_JBI投稿材料_20261004/03_reproducibility/source_data/measurement_anchor/official_comparison.csv,results/blood_anchor/official_comparison.csv,d08024031a732346f5449a86136be247b985b0ad9e9288b0d1d6b0e4adc891f2,d08024031a732346f5449a86136be247b985b0ad9e9288b0d1d6b0e4adc891f2,none
路线二_JBI投稿材料_20261004/03_reproducibility/source_data/measurement_anchor/official_performance.csv,results/blood_anchor/official_performance.csv,15a704e8373832832f91ae51cf37e36316b1b476bd2ebf7976dae68090bdcbc7,15a704e8373832832f91ae51cf37e36316b1b476bd2ebf7976dae68090bdcbc7,none
路线二_JBI投稿材料_20261004/03_reproducibility/source_data/measurement_anchor/triage_comparison.csv,results/blood_anchor/triage_comparison.csv,ada80d5d2a1929cbff7512ee98ef474ae11dfb7faddc559cb5ef9c4d3970e6ff,ada80d5d2a1929cbff7512ee98ef474ae11dfb7faddc559cb5ef9c4d3970e6ff,none
路线二_JBI投稿材料_20261004/03_reproducibility/source_data/measurement_anchor/triage_retention.csv,results/blood_anchor/triage_retention.csv,2aba698423b06eb57e5912ec2359a3c9cc0bf05f8d96063a2bd7f33d7bd3bfe7,2aba698423b06eb57e5912ec2359a3c9cc0bf05f8d96063a2bd7f33d7bd3bfe7,none
路线二_JBI投稿材料_20261004/03_reproducibility/source_data/measurement_anchor/two_group_uncertainty.csv,results/blood_anchor/two_group_uncertainty.csv,aac76413a630758cc4a24ab8b66fa374c911d5270cac6a9f60b464968fd06c81,aac76413a630758cc4a24ab8b66fa374c911d5270cac6a9f60b464968fd06c81,none
研究设计/路线二数据/analysis_stage53_measured_blood_anchor/prediction_performance.csv,results/source_prediction/prediction_performance.csv,605c7b0372527e4930dc3c49743a599f317230d6eb80ab3abb0d3b5a9f173612,605c7b0372527e4930dc3c49743a599f317230d6eb80ab3abb0d3b5a9f173612,none
研究设计/路线二数据/analysis_stage53_measured_blood_anchor/paired_incremental_performance.csv,results/source_prediction/paired_incremental_performance.csv,97e55509e82299e2fdeebe2b521770ac40d278519ba0dd1bbf6abbc2977d3aae,97e55509e82299e2fdeebe2b521770ac40d278519ba0dd1bbf6abbc2977d3aae,none
研究设计/路线二数据/analysis_stage53_measured_blood_anchor/background_holdout_performance.csv,results/source_prediction/background_holdout_performance.csv,2f7a574ea845e920bc40d839972d9d84da68c25a8fe1c956e3d6a1f418fc56e9,2f7a574ea845e920bc40d839972d9d84da68c25a8fe1c956e3d6a1f418fc56e9,none
研究设计/路线二数据/analysis_stage53_measured_blood_anchor/within_background_permutation_null.csv,results/source_prediction/within_background_permutation_null.csv,0488bd8c8f3f9a031a314354c51075f1f0a554572bd6c655fc0530819233da7a,0488bd8c8f3f9a031a314354c51075f1f0a554572bd6c655fc0530819233da7a,none
路线二_JBI投稿材料_20261004/03_reproducibility/source_data/stage26/external_transport_metrics.csv,results/blood_transport/external_transport_metrics.csv,6aa6e7236feec6282195eb2d277a49693aaf18555317a0a6d586f5836bf5d132,6aa6e7236feec6282195eb2d277a49693aaf18555317a0a6d586f5836bf5d132,none
路线二_JBI投稿材料_20261004/03_reproducibility/source_data/stage26/gene_effect_concordance.csv,results/blood_transport/gene_effect_concordance.csv,d70519128814ad86b44b0f9beebeb9f76ad548b1bc5254e28e7a78a7e3574447,d70519128814ad86b44b0f9beebeb9f76ad548b1bc5254e28e7a78a7e3574447,none
路线二_JBI投稿材料_20261004/03_reproducibility/source_data/stage26/module_effects.csv,results/blood_transport/module_effects.csv,9f1dcdfa695cb5c6ec0bbc83406f010b47737ad999537a727304fd1db8db8db8,9f1dcdfa695cb5c6ec0bbc83406f010b47737ad999537a727304fd1db8db8db8,none
路线二_JBI投稿材料_20261004/03_reproducibility/source_data/stage26/module_coverage.csv,results/blood_transport/module_coverage.csv,46f35b919af0407a8cb58d6ec1599f5bd7cfa593d96cb8e96543414405bfef60,46f35b919af0407a8cb58d6ec1599f5bd7cfa593d96cb8e96543414405bfef60,none
路线二_JBI投稿材料_20261004/03_reproducibility/source_data/tau_panel/metrics.csv,results/tau_panel/metrics.csv,4d3ef7cbc9321254cbea1cbbb69e703acba754ecd557026f22c6728d13d52d0f,4d3ef7cbc9321254cbea1cbbb69e703acba754ecd557026f22c6728d13d52d0f,none
路线二_JBI投稿材料_20261004/03_reproducibility/source_data/tau_panel/paired_bootstrap.csv,results/tau_panel/paired_bootstrap.csv,72c52a7f4696a0f9f37fa7a3d71619864e5b9a4165b17b6ec7ec7416b0ab7f61,72c52a7f4696a0f9f37fa7a3d71619864e5b9a4165b17b6ec7ec7416b0ab7f61,none
路线二_JBI投稿材料_20261004/03_reproducibility/source_data/tau_panel/r2_intervals.csv,results/tau_panel/r2_intervals.csv,4f5239b1584ff14e6044792b9605aa3ae7d1f4e744c6f45f20ae02f9e32a468a,4f5239b1584ff14e6044792b9605aa3ae7d1f4e744c6f45f20ae02f9e32a468a,none
路线二_JBI投稿材料_20261004/03_reproducibility/source_data/tau_panel/region_null_metrics.csv,results/tau_panel/region_null_metrics.csv,78ad3b9adf7ea8bd2cdbf20f623ced3b5f4f1c7878dc6ff30b7324d508c50028,78ad3b9adf7ea8bd2cdbf20f623ced3b5f4f1c7878dc6ff30b7324d508c50028,none
路线二_JBI投稿材料_20261004/03_reproducibility/source_data/tau_panel/permutation_summary.csv,results/tau_panel/permutation_summary.csv,f41c6fd1e93526b751cd3bde5ccdca7354352c385f1ee5140751efb3e724828a,f41c6fd1e93526b751cd3bde5ccdca7354352c385f1ee5140751efb3e724828a,none
路线二_JBI投稿材料_20261004/03_reproducibility/source_data/tau_panel/permutation_result.json,results/tau_panel/permutation_result.json,138560410cca721f220b286fb5218c57b10911a7283573f0b1fc4890e1c8a376,138560410cca721f220b286fb5218c57b10911a7283573f0b1fc4890e1c8a376,none
路线二_JBI投稿材料_20261004/03_reproducibility/source_data/tau_panel/marker_coverage.csv,results/tau_panel/marker_coverage.csv,8300b765f04f43536d1f718676f6dcf40671ac386a17962ba20ae0a6b3dd9b73,8300b765f04f43536d1f718676f6dcf40671ac386a17962ba20ae0a6b3dd9b73,none
路线二_JBI投稿材料_20261004/03_reproducibility/source_data/tau_panel/tau_specificity_full_adjustment.csv,results/tau_panel/tau_specificity_full_adjustment.csv,ec5b2dca002419c16583f55f271d0cc42cac9366ceee7ca87b39bb2c65a39bf2,ec5b2dca002419c16583f55f271d0cc42cac9366ceee7ca87b39bb2c65a39bf2,none
路线二_JBI投稿材料_20261004/03_reproducibility/source_data/tau_panel/top_selected_DFC_genes.csv,results/tau_panel/top_selected_DFC_genes.csv,e2f6ea748579c54b39a6f732ebd5322fc3f004477e036209bddeef7dfa620c00,e2f6ea748579c54b39a6f732ebd5322fc3f004477e036209bddeef7dfa620c00,none
路线二_JBI投稿材料_20261004/03_reproducibility/source_data/multiview_external/benchmark_summary.csv,results/multiview_external/benchmark_summary.csv,504a53c42f3341ffc37483f3fc7264b3f3e9707f0dfe3647ab0baca914560e12,504a53c42f3341ffc37483f3fc7264b3f3e9707f0dfe3647ab0baca914560e12,none
路线二_JBI投稿材料_20261004/03_reproducibility/source_data/multiview_external/benchmark_paired_comparisons.csv,results/multiview_external/benchmark_paired_comparisons.csv,41ab720bf72966a1aa73ec45fb5dd2639e199d8e67e683acce1229737106d0e3,41ab720bf72966a1aa73ec45fb5dd2639e199d8e67e683acce1229737106d0e3,none
路线二_JBI投稿材料_20261004/03_reproducibility/source_data/multiview_external/benchmark_followup_metrics.csv,results/multiview_external/benchmark_followup_metrics.csv,298ba7f68acfd75e21197aced181da75cbdf1dc9fe398dfac0c900b5b33b1221,298ba7f68acfd75e21197aced181da75cbdf1dc9fe398dfac0c900b5b33b1221,none
路线二_JBI投稿材料_20261004/03_reproducibility/source_data/multiview_external/benchmark_followup_comparisons.csv,results/multiview_external/benchmark_followup_comparisons.csv,bcd3a7a0c81b7ad40c48ddeda983610d0feae7501534265dbb25f6b3dcf1c385,bcd3a7a0c81b7ad40c48ddeda983610d0feae7501534265dbb25f6b3dcf1c385,none
路线二_JBI投稿材料_20261004/03_reproducibility/source_data/multiview_external/benchmark_recruitment_metrics.csv,results/multiview_external/benchmark_recruitment_metrics.csv,86ad6a9d25d161173d3230d390ad10e2a634dbd9f4be926dca812ed2c3eb4d9b,86ad6a9d25d161173d3230d390ad10e2a634dbd9f4be926dca812ed2c3eb4d9b,none
路线二_JBI投稿材料_20261004/03_reproducibility/source_data/multiview_external/benchmark_DFC_burden_strata.csv,results/multiview_external/benchmark_DFC_burden_strata.csv,0d363627d3dadd75e7d30e3ba41b1bc10d55a4b338c16d89f4edac24c3bfc43e,0d363627d3dadd75e7d30e3ba41b1bc10d55a4b338c16d89f4edac24c3bfc43e,none
路线二_JBI投稿材料_20261004/03_reproducibility/source_data/multiview_external/benchmark_DFC_highest_burden_deletion.csv,results/multiview_external/benchmark_DFC_highest_burden_deletion.csv,b07019047ab34d5e44f8fa11c866562f5c746cd10bbaa9eb453c39385ca1950b,b07019047ab34d5e44f8fa11c866562f5c746cd10bbaa9eb453c39385ca1950b,none
路线二_JBI投稿材料_20261004/03_reproducibility/source_data/multiview_external/external_external_associations.csv,results/multiview_external/external_external_associations.csv,ceb905f2e18f9f5b0ed945079a42e81851c95ce30c535dd745695f1e87f70c6c,ceb905f2e18f9f5b0ed945079a42e81851c95ce30c535dd745695f1e87f70c6c,none
路线二_JBI投稿材料_20261004/03_reproducibility/source_data/multiview_external/external_diagnosis_adjusted_diagnostics.csv,results/multiview_external/external_diagnosis_adjusted_diagnostics.csv,fb800a359f81390cbed2688ebef43594d22666a4d0140b08123c07dd205cfc66,fb800a359f81390cbed2688ebef43594d22666a4d0140b08123c07dd205cfc66,none
路线二_JBI投稿材料_20261004/03_reproducibility/source_data/multiview_external/external_within_group_correlations.csv,results/multiview_external/external_within_group_correlations.csv,caf3d6b9c334ebcf47f9d1339a343852654e1d57fbf9ac7c3164d12c2eff222d,caf3d6b9c334ebcf47f9d1339a343852654e1d57fbf9ac7c3164d12c2eff222d,none
研究设计/路线二数据/analysis_stage62_round1_figure_review/source_data/all_eight_modules_measured_neutrophil_associations.csv,results/figure_audits/all_eight_modules_measured_neutrophil_associations.csv,0861115a3dc3d39bd823d3e8e5cb81cf94c4656ea728480737015a228dbd48d6,0861115a3dc3d39bd823d3e8e5cb81cf94c4656ea728480737015a228dbd48d6,none
研究设计/路线二数据/analysis_stage62_round1_figure_review/source_data/differential_summary.csv,results/figure_audits/differential_summary.csv,28e31761e0fa09220c69d70bb14a76e3afbf7ed04a1d5cc91a8b22dee3e6ad7e,28e31761e0fa09220c69d70bb14a76e3afbf7ed04a1d5cc91a8b22dee3e6ad7e,none
研究设计/路线二数据/analysis_stage62_round1_figure_review/source_data/GSE140829_adjusted_gene_differences.csv,results/figure_audits/GSE140829_adjusted_gene_differences.csv,11e0b9db0b96b2f9a57ee32398235a5b920a7f75fc91c3f7aeb5e788f8fbde47,11e0b9db0b96b2f9a57ee32398235a5b920a7f75fc91c3f7aeb5e788f8fbde47,none
研究设计/路线二数据/analysis_stage62_round1_figure_review/source_data/GSE63060_adjusted_gene_differences.csv,results/figure_audits/GSE63060_adjusted_gene_differences.csv,387477e1427baef03c0eb8d831ece6d43f3e0f3e83549cee9f2ae567d6930981,387477e1427baef03c0eb8d831ece6d43f3e0f3e83549cee9f2ae567d6930981,none
研究设计/路线二数据/analysis_stage62_round1_figure_review/source_data/model_input_gene_set_memberships.csv,results/figure_audits/model_input_gene_set_memberships.csv,7a6df4aa7380f602809f12dd0aacf056e682da745edb265a48a5b6db6b9701bd,7a6df4aa7380f602809f12dd0aacf056e682da745edb265a48a5b6db6b9701bd,none
研究设计/路线二数据/analysis_stage62_round1_figure_review/source_data/PCA_explained_variance.csv,results/figure_audits/PCA_explained_variance.csv,11f19e09a9c93f7f4864dd8f0bc956a1e2d4b9001ab4ac0aef16bef11f42f477,11f19e09a9c93f7f4864dd8f0bc956a1e2d4b9001ab4ac0aef16bef11f42f477,none
研究设计/路线二数据/analysis_stage62_round1_figure_review/source_data/PCA_source_loadings.csv,results/figure_audits/PCA_source_loadings.csv,46eae3c35642cbec3b11c78228233e60f23a2a1401959231fc9047f19fe53809,46eae3c35642cbec3b11c78228233e60f23a2a1401959231fc9047f19fe53809,none
路线二_JBI投稿材料_20261004/03_reproducibility/source_data/tau_panel/PROTOCOL.md,workflow/analysis_stage39_tau_panel/PROTOCOL.md,7a91dbfb83c5bdc2f40d1eb73c2d23f8a0f47da8a43674384123847eb3a483ba,7a91dbfb83c5bdc2f40d1eb73c2d23f8a0f47da8a43674384123847eb3a483ba,none
路线二_JBI投稿材料_20261004/03_reproducibility/source_data/tau_panel/NUCLEAR_SENSITIVITY_AMENDMENT.md,workflow/analysis_stage39_tau_panel/NUCLEAR_SENSITIVITY_AMENDMENT.md,3ed4e9003339c3c35baf33cccebd9b98a098e9b6a58ded389fd5e1ef9afcf906,3ed4e9003339c3c35baf33cccebd9b98a098e9b6a58ded389fd5e1ef9afcf906,none
路线二_JBI投稿材料_20261004/03_reproducibility/source_data/tau_panel/PERMUTATION_PRECISION_AMENDMENT.md,workflow/analysis_stage39_tau_panel/PERMUTATION_PRECISION_AMENDMENT.md,2b27b1a4ae6ba2b947c67a40b8e145f9190441b2138e6d63bbe7b4dab93a9f68,2b27b1a4ae6ba2b947c67a40b8e145f9190441b2138e6d63bbe7b4dab93a9f68,none
路线二_JBI投稿材料_20261004/03_reproducibility/source_data/multiview_external/software_environment.json,environment/recorded_brain_environment.json,1339cb142178867fdbd21bf4b0c24f2c21d23a669a273c7212b6e7cdcc95f031,1339cb142178867fdbd21bf4b0c24f2c21d23a669a273c7212b6e7cdcc95f031,none
研究设计/路线二数据/analysis_stage26/requirements_stage26.txt,environment/requirements_stage26_recorded.txt,786e2e3d731bd14ed6406fff0ff5061a610e88a9d54d17f86e1c69ef050c4243,786e2e3d731bd14ed6406fff0ff5061a610e88a9d54d17f86e1c69ef050c4243,none
